<?xml version="1.0" encoding="UTF-8"?>
<metadata xml:lang="en"><Esri><CreaDate>20210729</CreaDate><CreaTime>17045800</CreaTime><ArcGISFormat>1.0</ArcGISFormat><SyncOnce>FALSE</SyncOnce><DataProperties><lineage><Process ToolSource="c:\program files (x86)\arcgis\desktop10.7\ArcToolbox\Toolboxes\Data Management Tools.tbx\CalculateField" Date="20200501" Time="141838">CalculateField VEST18Gen G18USSRSCO [REP_ntd] VB #</Process><Process ToolSource="c:\program files (x86)\arcgis\desktop10.7\ArcToolbox\Toolboxes\Data Management Tools.tbx\CalculateField" Date="20200501" Time="141909">CalculateField VEST18Gen G18USSDNEL [DEM_ntd] VB #</Process><Process ToolSource="c:\program files (x86)\arcgis\desktop10.7\ArcToolbox\Toolboxes\Data Management Tools.tbx\CalculateField" Date="20200501" Time="141946">CalculateField VEST18Gen G18USSOWRI "[ttl_cst_n]  - [DEM_ntd] - [REP_ntd]" VB #</Process><Process ToolSource="c:\program files (x86)\arcgis\desktop10.7\ArcToolbox\Toolboxes\Data Management Tools.tbx\CalculateField" Date="20200501" Time="142234">CalculateField VEST18Gen G18GOVRDES [REP_gvr] VB #</Process><Process ToolSource="c:\program files (x86)\arcgis\desktop10.7\ArcToolbox\Toolboxes\Data Management Tools.tbx\CalculateField" Date="20200501" Time="142257">CalculateField VEST18Gen G18GOVDGIL [DEM_gvr] VB #</Process><Process ToolSource="c:\program files (x86)\arcgis\desktop10.7\ArcToolbox\Toolboxes\Data Management Tools.tbx\CalculateField" Date="20200501" Time="142321">CalculateField VEST18Gen G18GOVORIC [REF_gvr] VB #</Process><Process ToolSource="c:\program files (x86)\arcgis\desktop10.7\ArcToolbox\Toolboxes\Data Management Tools.tbx\CalculateField" Date="20200501" Time="142341">CalculateField VEST18Gen G18GOVONPA [NPA_gvr] VB #</Process><Process ToolSource="c:\program files (x86)\arcgis\desktop10.7\ArcToolbox\Toolboxes\Data Management Tools.tbx\CalculateField" Date="20200501" Time="142545">CalculateField VEST18Gen G18ATGRMOO [REP_ttr] VB #</Process><Process ToolSource="c:\program files (x86)\arcgis\desktop10.7\ArcToolbox\Toolboxes\Data Management Tools.tbx\CalculateField" Date="20200501" Time="142603">CalculateField VEST18Gen G18ATGDSHA [DEM_ttr] VB #</Process><Process ToolSource="c:\program files (x86)\arcgis\desktop10.7\ArcToolbox\Toolboxes\Data Management Tools.tbx\CalculateField" Date="20200501" Time="142623">CalculateField VEST18Gen G18ATGOSIS [NPA_ttr] VB #</Process><Process ToolSource="c:\program files (x86)\arcgis\desktop10.7\ArcToolbox\Toolboxes\Data Management Tools.tbx\CalculateField" Date="20200501" Time="142911">CalculateField VEST18Gen G18CFORPAT [REP_chf] VB #</Process><Process ToolSource="c:\program files (x86)\arcgis\desktop10.7\ArcToolbox\Toolboxes\Data Management Tools.tbx\CalculateField" Date="20200501" Time="142920">CalculateField VEST18Gen G18CFODRIN [DEM_chf] VB #</Process><Process ToolSource="c:\program files (x86)\arcgis\desktop10.7\ArcToolbox\Toolboxes\Data Management Tools.tbx\CalculateField" Date="20200501" Time="142938">CalculateField VEST18Gen G18AGRRCAL [REP_cmm] VB #</Process><Process ToolSource="c:\program files (x86)\arcgis\desktop10.7\ArcToolbox\Toolboxes\Data Management Tools.tbx\CalculateField" Date="20200501" Time="142950">CalculateField VEST18Gen G18AGRDFRI [DEM_cmm] VB #</Process><Process ToolSource="c:\program files (x86)\arcgis\desktop10.7\ArcToolbox\Toolboxes\Data Management Tools.tbx\CalculateField" Date="20200501" Time="143809">CalculateField VEST18Gen G18A01YES [Ys_Am_1] VB #</Process><Process ToolSource="c:\program files (x86)\arcgis\desktop10.7\ArcToolbox\Toolboxes\Data Management Tools.tbx\CalculateField" Date="20200501" Time="143819">CalculateField VEST18Gen G18A01NO [No_Am_1] VB #</Process><Process ToolSource="c:\program files (x86)\arcgis\desktop10.7\ArcToolbox\Toolboxes\Data Management Tools.tbx\CalculateField" Date="20200501" Time="143839">CalculateField VEST18Gen G18A02YES [Ys_Am_2] VB #</Process><Process ToolSource="c:\program files (x86)\arcgis\desktop10.7\ArcToolbox\Toolboxes\Data Management Tools.tbx\CalculateField" Date="20200501" Time="143846">CalculateField VEST18Gen G18A02NO [No_Am_2] VB #</Process><Process ToolSource="c:\program files (x86)\arcgis\desktop10.7\ArcToolbox\Toolboxes\Data Management Tools.tbx\CalculateField" Date="20200501" Time="143854">CalculateField VEST18Gen G18A03YES [Ys_Am_3] VB #</Process><Process ToolSource="c:\program files (x86)\arcgis\desktop10.7\ArcToolbox\Toolboxes\Data Management Tools.tbx\CalculateField" Date="20200501" Time="143901">CalculateField VEST18Gen G18A03NO [No_Am_3] VB #</Process><Process ToolSource="c:\program files (x86)\arcgis\desktop10.7\ArcToolbox\Toolboxes\Data Management Tools.tbx\CalculateField" Date="20200501" Time="143910">CalculateField VEST18Gen G18A04YES [Ys_Am_4] VB #</Process><Process ToolSource="c:\program files (x86)\arcgis\desktop10.7\ArcToolbox\Toolboxes\Data Management Tools.tbx\CalculateField" Date="20200501" Time="143918">CalculateField VEST18Gen G18A04NO [No_Am_4] VB #</Process><Process ToolSource="c:\program files (x86)\arcgis\desktop10.7\ArcToolbox\Toolboxes\Data Management Tools.tbx\CalculateField" Date="20200501" Time="144146">CalculateField VEST18Gen G18A05YES [Ys_Am_5] VB #</Process><Process ToolSource="c:\program files (x86)\arcgis\desktop10.7\ArcToolbox\Toolboxes\Data Management Tools.tbx\CalculateField" Date="20200501" Time="144154">CalculateField VEST18Gen G18A05NO [No_Am_5] VB #</Process><Process ToolSource="c:\program files (x86)\arcgis\desktop10.7\ArcToolbox\Toolboxes\Data Management Tools.tbx\CalculateField" Date="20200501" Time="144201">CalculateField VEST18Gen G18A06YES [Ys_Am_6] VB #</Process><Process ToolSource="c:\program files (x86)\arcgis\desktop10.7\ArcToolbox\Toolboxes\Data Management Tools.tbx\CalculateField" Date="20200501" Time="144208">CalculateField VEST18Gen G18A06NO [No_Am_6] VB #</Process><Process ToolSource="c:\program files (x86)\arcgis\desktop10.7\ArcToolbox\Toolboxes\Data Management Tools.tbx\CalculateField" Date="20200501" Time="144238">CalculateField VEST18Gen G18A07YES "[tt__A_7] - [No_Am_7]" VB #</Process><Process ToolSource="c:\program files (x86)\arcgis\desktop10.7\ArcToolbox\Toolboxes\Data Management Tools.tbx\CalculateField" Date="20200501" Time="144246">CalculateField VEST18Gen G18A07NO [No_Am_7] VB #</Process><Process ToolSource="c:\program files (x86)\arcgis\desktop10.7\ArcToolbox\Toolboxes\Data Management Tools.tbx\CalculateField" Date="20200501" Time="144324">CalculateField VEST18Gen G18A09YES "[tt__A_9] - [No_Am_9]" VB #</Process><Process ToolSource="c:\program files (x86)\arcgis\desktop10.7\ArcToolbox\Toolboxes\Data Management Tools.tbx\CalculateField" Date="20200501" Time="144332">CalculateField VEST18Gen G18A09NO [No_Am_9] VB #</Process><Process ToolSource="c:\program files (x86)\arcgis\desktop10.7\ArcToolbox\Toolboxes\Data Management Tools.tbx\CalculateField" Date="20200501" Time="144343">CalculateField VEST18Gen G18A10YES [Ys_A_10] VB #</Process><Process ToolSource="c:\program files (x86)\arcgis\desktop10.7\ArcToolbox\Toolboxes\Data Management Tools.tbx\CalculateField" Date="20200501" Time="144357">CalculateField VEST18Gen G18A10NO [N_Am_10] VB #</Process><Process ToolSource="c:\program files (x86)\arcgis\desktop10.7\ArcToolbox\Toolboxes\Data Management Tools.tbx\CalculateField" Date="20200501" Time="144405">CalculateField VEST18Gen G18A11YES [Ys_A_11] VB #</Process><Process ToolSource="c:\program files (x86)\arcgis\desktop10.7\ArcToolbox\Toolboxes\Data Management Tools.tbx\CalculateField" Date="20200501" Time="144411">CalculateField VEST18Gen G18A11NO [N_Am_11] VB #</Process><Process ToolSource="c:\program files (x86)\arcgis\desktop10.7\ArcToolbox\Toolboxes\Data Management Tools.tbx\CalculateField" Date="20200501" Time="144419">CalculateField VEST18Gen G18A12YES [Ys_A_12] VB #</Process><Process ToolSource="c:\program files (x86)\arcgis\desktop10.7\ArcToolbox\Toolboxes\Data Management Tools.tbx\CalculateField" Date="20200501" Time="144426">CalculateField VEST18Gen G18A12NO [N_Am_12] VB #</Process><Process ToolSource="c:\program files (x86)\arcgis\desktop10.7\ArcToolbox\Toolboxes\Data Management Tools.tbx\CalculateField" Date="20200501" Time="144433">CalculateField VEST18Gen G18A13YES [Ys_A_13] VB #</Process><Process ToolSource="c:\program files (x86)\arcgis\desktop10.7\ArcToolbox\Toolboxes\Data Management Tools.tbx\CalculateField" Date="20200501" Time="144442">CalculateField VEST18Gen G18A13NO [N_Am_13] VB #</Process><Process ToolSource="c:\program files (x86)\arcgis\desktop10.7\ArcToolbox\Toolboxes\Data Management Tools.tbx\DeleteField" Date="20200501" Time="144640">DeleteField VEST18Gen No_Am_1;N_Am_10;N_Am_11;N_Am_12;N_Am_13;No_Am_2;No_Am_3;No_Am_4;No_Am_5;No_Am_6;No_Am_7;No_Am_9;Ys_Am_1;Ys_A_10;Ys_A_11;Ys_A_12;Ys_A_13;Ys_Am_2;Ys_Am_3;Ys_Am_4;Ys_Am_5;Ys_Am_6;tt__A_1;t__A_10;t__A_11;t__A_12;t__A_13;tt__A_2;tt__A_3;tt__A_4;tt__A_5;tt__A_6;tt__A_7;tt__A_9;DEM_ttr;DEM_chf;DEM_cmm;DEM_gvr;DEM_ntd;REP_ttr;REP_chf;REP_cmm;REP_gvr;REP_ntd;REF_gvr;NPA_ttr;NPA_gvr;ttl_cst_t;ttl_cst_ch;ttl_cst_cm;ttl_cst_g;ttl_cst_n;totl_rg</Process><Process ToolSource="c:\program files (x86)\arcgis\desktop10.7\ArcToolbox\Toolboxes\Data Management Tools.tbx\Merge" Date="20210729" Time="160104">Merge fl_2018;2018_fix_cos_w_results H:\dropbox\Dropbox\fl_2020\2018\fl_2018_w_replacements.shp "pct_std "pct_std" true true false 80 Text 0 0 ,First,#,fl_2018,pct_std,-1,-1,2018_fix_cos_w_results,Pct_std,-1,-1;county "county" true true false 80 Text 0 0 ,First,#,fl_2018,county,-1,-1,2018_fix_cos_w_results,County,-1,-1;precinct "precinct" true true false 80 Text 0 0 ,First,#,fl_2018,precinct,-1,-1,2018_fix_cos_w_results,precinct,-1,-1;G18USSRSCO "G18USSRSCO" true true false 5 Long 0 5 ,First,#,fl_2018,G18USSRSCO,-1,-1,2018_fix_cos_w_results,G18USSRSco,-1,-1;G18USSDNEL "G18USSDNEL" true true false 5 Long 0 5 ,First,#,fl_2018,G18USSDNEL,-1,-1,2018_fix_cos_w_results,G18USSDNel,-1,-1;G18GOVRDES "G18GOVRDES" true true false 5 Long 0 5 ,First,#,fl_2018,G18GOVRDES,-1,-1,2018_fix_cos_w_results,G18GOVRDeS,-1,-1;G18GOVDGIL "G18GOVDGIL" true true false 5 Long 0 5 ,First,#,fl_2018,G18GOVDGIL,-1,-1,2018_fix_cos_w_results,G18GOVDGil,-1,-1;G18GOVORIC "G18GOVORIC" true true false 5 Long 0 5 ,First,#,fl_2018,G18GOVORIC,-1,-1,2018_fix_cos_w_results,G18GOVORic,-1,-1;G18GOVONPA "G18GOVONPA" true true false 5 Long 0 5 ,First,#,fl_2018,G18GOVONPA,-1,-1,2018_fix_cos_w_results,G18GOVONPA,-1,-1;G18ATGRMOO "G18ATGRMOO" true true false 5 Long 0 5 ,First,#,fl_2018,G18ATGRMOO,-1,-1,2018_fix_cos_w_results,G18ATGRMoo,-1,-1;G18ATGDSHA "G18ATGDSHA" true true false 5 Long 0 5 ,First,#,fl_2018,G18ATGDSHA,-1,-1,2018_fix_cos_w_results,G18ATGDSha,-1,-1;G18ATGOSIS "G18ATGOSIS" true true false 5 Long 0 5 ,First,#,fl_2018,G18ATGOSIS,-1,-1,2018_fix_cos_w_results,G18ATGOSis,-1,-1;G18CFORPAT "G18CFORPAT" true true false 5 Long 0 5 ,First,#,fl_2018,G18CFORPAT,-1,-1,2018_fix_cos_w_results,G18CFORPat,-1,-1;G18CFODRIN "G18CFODRIN" true true false 5 Long 0 5 ,First,#,fl_2018,G18CFODRIN,-1,-1,2018_fix_cos_w_results,G18CFODRin,-1,-1;G18AGRRCAL "G18AGRRCAL" true true false 5 Long 0 5 ,First,#,fl_2018,G18AGRRCAL,-1,-1,2018_fix_cos_w_results,G18AGRRCal,-1,-1;G18AGRDFRI "G18AGRDFRI" true true false 5 Long 0 5 ,First,#,fl_2018,G18AGRDFRI,-1,-1,2018_fix_cos_w_results,G18AGRDFri,-1,-1;G18A01YES "G18A01YES" true true false 5 Long 0 5 ,First,#,fl_2018,G18A01YES,-1,-1,2018_fix_cos_w_results,G18A01Yes,-1,-1;G18A01NO "G18A01NO" true true false 5 Long 0 5 ,First,#,fl_2018,G18A01NO,-1,-1,2018_fix_cos_w_results,G18A01No,-1,-1;G18A02YES "G18A02YES" true true false 5 Long 0 5 ,First,#,fl_2018,G18A02YES,-1,-1,2018_fix_cos_w_results,G18A02Yes,-1,-1;G18A02NO "G18A02NO" true true false 5 Long 0 5 ,First,#,fl_2018,G18A02NO,-1,-1,2018_fix_cos_w_results,G18A02No,-1,-1;G18A03YES "G18A03YES" true true false 5 Long 0 5 ,First,#,fl_2018,G18A03YES,-1,-1,2018_fix_cos_w_results,G18A03Yes,-1,-1;G18A03NO "G18A03NO" true true false 5 Long 0 5 ,First,#,fl_2018,G18A03NO,-1,-1,2018_fix_cos_w_results,G18A03No,-1,-1;G18A04YES "G18A04YES" true true false 5 Long 0 5 ,First,#,fl_2018,G18A04YES,-1,-1,2018_fix_cos_w_results,G18A04Yes,-1,-1;G18A04NO "G18A04NO" true true false 5 Long 0 5 ,First,#,fl_2018,G18A04NO,-1,-1,2018_fix_cos_w_results,G18A04No,-1,-1;G18A05YES "G18A05YES" true true false 5 Long 0 5 ,First,#,fl_2018,G18A05YES,-1,-1,2018_fix_cos_w_results,G18A05Yes,-1,-1;G18A05NO "G18A05NO" true true false 5 Long 0 5 ,First,#,fl_2018,G18A05NO,-1,-1,2018_fix_cos_w_results,G18A05No,-1,-1;G18A06YES "G18A06YES" true true false 5 Long 0 5 ,First,#,fl_2018,G18A06YES,-1,-1,2018_fix_cos_w_results,G18A06Yes,-1,-1;G18A06NO "G18A06NO" true true false 5 Long 0 5 ,First,#,fl_2018,G18A06NO,-1,-1,2018_fix_cos_w_results,G18A06No,-1,-1;G18A07YES "G18A07YES" true true false 5 Long 0 5 ,First,#,fl_2018,G18A07YES,-1,-1,2018_fix_cos_w_results,G18A07Yes,-1,-1;G18A07NO "G18A07NO" true true false 5 Long 0 5 ,First,#,fl_2018,G18A07NO,-1,-1,2018_fix_cos_w_results,G18A07No,-1,-1;G18A09YES "G18A09YES" true true false 5 Long 0 5 ,First,#,fl_2018,G18A09YES,-1,-1,2018_fix_cos_w_results,G18A09Yes,-1,-1;G18A09NO "G18A09NO" true true false 5 Long 0 5 ,First,#,fl_2018,G18A09NO,-1,-1,2018_fix_cos_w_results,G18A09No,-1,-1;G18A10YES "G18A10YES" true true false 5 Long 0 5 ,First,#,fl_2018,G18A10YES,-1,-1,2018_fix_cos_w_results,G18A10Yes,-1,-1;G18A10NO "G18A10NO" true true false 5 Long 0 5 ,First,#,fl_2018,G18A10NO,-1,-1,2018_fix_cos_w_results,G18A10No,-1,-1;G18A11YES "G18A11YES" true true false 5 Long 0 5 ,First,#,fl_2018,G18A11YES,-1,-1,2018_fix_cos_w_results,G18A11Yes,-1,-1;G18A11NO "G18A11NO" true true false 5 Long 0 5 ,First,#,fl_2018,G18A11NO,-1,-1,2018_fix_cos_w_results,G18A11No,-1,-1;G18A12YES "G18A12YES" true true false 5 Long 0 5 ,First,#,fl_2018,G18A12YES,-1,-1,2018_fix_cos_w_results,G18A12Yes,-1,-1;G18A12NO "G18A12NO" true true false 5 Long 0 5 ,First,#,fl_2018,G18A12NO,-1,-1,2018_fix_cos_w_results,G18A12No,-1,-1;G18A13YES "G18A13YES" true true false 5 Long 0 5 ,First,#,fl_2018,G18A13YES,-1,-1,2018_fix_cos_w_results,G18A13Yes,-1,-1;G18A13NO "G18A13NO" true true false 5 Long 0 5 ,First,#,fl_2018,G18A13NO,-1,-1,2018_fix_cos_w_results,G18A13No,-1,-1"</Process></lineage><itemProps><itemName Sync="TRUE">fl_2018_w_replacements</itemName><imsContentType Sync="TRUE">002</imsContentType><itemSize Sync="TRUE">0.000</itemSize><itemLocation><linkage Sync="TRUE">file://\\BRIAN-PC\H$\dropbox\Dropbox\fl_2020\2018\fl_2018_w_replacements.shp</linkage><protocol Sync="TRUE">Local Area Network</protocol></itemLocation></itemProps><coordRef><type Sync="TRUE">Geographic</type><geogcsn Sync="TRUE">GCS_North_American_1983</geogcsn><csUnits Sync="TRUE">Angular Unit: Degree (0.017453)</csUnits><peXml Sync="TRUE">&lt;GeographicCoordinateSystem xsi:type='typens:GeographicCoordinateSystem' xmlns:xsi='http://www.w3.org/2001/XMLSchema-instance' xmlns:xs='http://www.w3.org/2001/XMLSchema' xmlns:typens='http://www.esri.com/schemas/ArcGIS/10.7'&gt;&lt;WKT&gt;GEOGCS[&amp;quot;GCS_North_American_1983&amp;quot;,DATUM[&amp;quot;D_North_American_1983&amp;quot;,SPHEROID[&amp;quot;GRS_1980&amp;quot;,6378137.0,298.257222101]],PRIMEM[&amp;quot;Greenwich&amp;quot;,0.0],UNIT[&amp;quot;Degree&amp;quot;,0.0174532925199433],AUTHORITY[&amp;quot;EPSG&amp;quot;,4269]]&lt;/WKT&gt;&lt;XOrigin&gt;-400&lt;/XOrigin&gt;&lt;YOrigin&gt;-400&lt;/YOrigin&gt;&lt;XYScale&gt;11258999068426.238&lt;/XYScale&gt;&lt;ZOrigin&gt;-100000&lt;/ZOrigin&gt;&lt;ZScale&gt;10000&lt;/ZScale&gt;&lt;MOrigin&gt;-100000&lt;/MOrigin&gt;&lt;MScale&gt;10000&lt;/MScale&gt;&lt;XYTolerance&gt;8.9831528411952133e-09&lt;/XYTolerance&gt;&lt;ZTolerance&gt;0.001&lt;/ZTolerance&gt;&lt;MTolerance&gt;0.001&lt;/MTolerance&gt;&lt;HighPrecision&gt;true&lt;/HighPrecision&gt;&lt;LeftLongitude&gt;-180&lt;/LeftLongitude&gt;&lt;WKID&gt;4269&lt;/WKID&gt;&lt;LatestWKID&gt;4269&lt;/LatestWKID&gt;&lt;/GeographicCoordinateSystem&gt;</peXml></coordRef></DataProperties><SyncDate>20210729</SyncDate><SyncTime>16004600</SyncTime><ModDate>20210729</ModDate><ModTime>16004600</ModTime></Esri><dataIdInfo><envirDesc Sync="TRUE"> Version 6.2 (Build 9200) ; Esri ArcGIS 10.7.1.11595</envirDesc><dataLang><languageCode value="eng" Sync="TRUE"></languageCode><countryCode value="USA" Sync="TRUE"></countryCode></dataLang><idCitation><resTitle Sync="TRUE">fl_2018_w_replacements</resTitle><presForm><PresFormCd value="005" Sync="TRUE"></PresFormCd></presForm></idCitation><spatRpType><SpatRepTypCd value="001" Sync="TRUE"></SpatRepTypCd></spatRpType></dataIdInfo><mdLang><languageCode value="eng" Sync="TRUE"></languageCode><countryCode value="USA" Sync="TRUE"></countryCode></mdLang><mdChar><CharSetCd value="004" Sync="TRUE"></CharSetCd></mdChar><distInfo><distFormat><formatName Sync="TRUE">Shapefile</formatName></distFormat><distTranOps><transSize Sync="TRUE">0.000</transSize></distTranOps></distInfo><mdHrLv><ScopeCd value="005" Sync="TRUE"></ScopeCd></mdHrLv><mdHrLvName Sync="TRUE">dataset</mdHrLvName><refSysInfo><RefSystem><refSysID><identCode code="4269" Sync="TRUE"></identCode><idCodeSpace Sync="TRUE">EPSG</idCodeSpace><idVersion Sync="TRUE">6.12(3.0.1)</idVersion></refSysID></RefSystem></refSysInfo><spatRepInfo><VectSpatRep><geometObjs Name="fl_2018_w_replacements"><geoObjTyp><GeoObjTypCd value="002" Sync="TRUE"></GeoObjTypCd></geoObjTyp><geoObjCnt Sync="TRUE">0</geoObjCnt></geometObjs><topLvl><TopoLevCd value="001" Sync="TRUE"></TopoLevCd></topLvl></VectSpatRep></spatRepInfo><spdoinfo><ptvctinf><esriterm Name="fl_2018_w_replacements"><efeatyp Sync="TRUE">Simple</efeatyp><efeageom code="4" Sync="TRUE"></efeageom><esritopo Sync="TRUE">FALSE</esritopo><efeacnt Sync="TRUE">0</efeacnt><spindex Sync="TRUE">FALSE</spindex><linrefer Sync="TRUE">FALSE</linrefer></esriterm></ptvctinf></spdoinfo><eainfo><detailed Name="fl_2018_w_replacements"><enttyp><enttypl Sync="TRUE">fl_2018_w_replacements</enttypl><enttypt Sync="TRUE">Feature Class</enttypt><enttypc Sync="TRUE">0</enttypc></enttyp><attr><attrlabl Sync="TRUE">FID</attrlabl><attalias Sync="TRUE">FID</attalias><attrtype Sync="TRUE">OID</attrtype><attwidth Sync="TRUE">4</attwidth><atprecis Sync="TRUE">0</atprecis><attscale Sync="TRUE">0</attscale><attrdef Sync="TRUE">Internal feature number.</attrdef><attrdefs Sync="TRUE">Esri</attrdefs><attrdomv><udom Sync="TRUE">Sequential unique whole numbers that are automatically generated.</udom></attrdomv></attr><attr><attrlabl Sync="TRUE">Shape</attrlabl><attalias Sync="TRUE">Shape</attalias><attrtype Sync="TRUE">Geometry</attrtype><attwidth Sync="TRUE">0</attwidth><atprecis Sync="TRUE">0</atprecis><attscale Sync="TRUE">0</attscale><attrdef Sync="TRUE">Feature geometry.</attrdef><attrdefs Sync="TRUE">Esri</attrdefs><attrdomv><udom Sync="TRUE">Coordinates defining the features.</udom></attrdomv></attr><attr><attrlabl Sync="TRUE">pct_std</attrlabl><attalias Sync="TRUE">pct_std</attalias><attrtype Sync="TRUE">String</attrtype><attwidth Sync="TRUE">80</attwidth><atprecis Sync="TRUE">0</atprecis><attscale Sync="TRUE">0</attscale></attr><attr><attrlabl Sync="TRUE">county</attrlabl><attalias Sync="TRUE">county</attalias><attrtype Sync="TRUE">String</attrtype><attwidth Sync="TRUE">80</attwidth><atprecis Sync="TRUE">0</atprecis><attscale Sync="TRUE">0</attscale></attr><attr><attrlabl Sync="TRUE">precinct</attrlabl><attalias Sync="TRUE">precinct</attalias><attrtype Sync="TRUE">String</attrtype><attwidth Sync="TRUE">80</attwidth><atprecis Sync="TRUE">0</atprecis><attscale Sync="TRUE">0</attscale></attr><attr><attrlabl Sync="TRUE">G18USSRSCO</attrlabl><attalias Sync="TRUE">G18USSRSCO</attalias><attrtype Sync="TRUE">Integer</attrtype><attwidth Sync="TRUE">5</attwidth><atprecis Sync="TRUE">5</atprecis><attscale Sync="TRUE">0</attscale></attr><attr><attrlabl Sync="TRUE">G18USSDNEL</attrlabl><attalias Sync="TRUE">G18USSDNEL</attalias><attrtype Sync="TRUE">Integer</attrtype><attwidth Sync="TRUE">5</attwidth><atprecis Sync="TRUE">5</atprecis><attscale Sync="TRUE">0</attscale></attr><attr><attrlabl Sync="TRUE">G18GOVRDES</attrlabl><attalias Sync="TRUE">G18GOVRDES</attalias><attrtype Sync="TRUE">Integer</attrtype><attwidth Sync="TRUE">5</attwidth><atprecis Sync="TRUE">5</atprecis><attscale Sync="TRUE">0</attscale></attr><attr><attrlabl Sync="TRUE">G18GOVDGIL</attrlabl><attalias Sync="TRUE">G18GOVDGIL</attalias><attrtype Sync="TRUE">Integer</attrtype><attwidth Sync="TRUE">5</attwidth><atprecis Sync="TRUE">5</atprecis><attscale Sync="TRUE">0</attscale></attr><attr><attrlabl Sync="TRUE">G18GOVORIC</attrlabl><attalias Sync="TRUE">G18GOVORIC</attalias><attrtype Sync="TRUE">Integer</attrtype><attwidth Sync="TRUE">5</attwidth><atprecis Sync="TRUE">5</atprecis><attscale Sync="TRUE">0</attscale></attr><attr><attrlabl Sync="TRUE">G18GOVONPA</attrlabl><attalias Sync="TRUE">G18GOVONPA</attalias><attrtype Sync="TRUE">Integer</attrtype><attwidth Sync="TRUE">5</attwidth><atprecis Sync="TRUE">5</atprecis><attscale Sync="TRUE">0</attscale></attr><attr><attrlabl Sync="TRUE">G18ATGRMOO</attrlabl><attalias Sync="TRUE">G18ATGRMOO</attalias><attrtype Sync="TRUE">Integer</attrtype><attwidth Sync="TRUE">5</attwidth><atprecis Sync="TRUE">5</atprecis><attscale Sync="TRUE">0</attscale></attr><attr><attrlabl Sync="TRUE">G18ATGDSHA</attrlabl><attalias Sync="TRUE">G18ATGDSHA</attalias><attrtype Sync="TRUE">Integer</attrtype><attwidth Sync="TRUE">5</attwidth><atprecis Sync="TRUE">5</atprecis><attscale Sync="TRUE">0</attscale></attr><attr><attrlabl Sync="TRUE">G18ATGOSIS</attrlabl><attalias Sync="TRUE">G18ATGOSIS</attalias><attrtype Sync="TRUE">Integer</attrtype><attwidth Sync="TRUE">5</attwidth><atprecis Sync="TRUE">5</atprecis><attscale Sync="TRUE">0</attscale></attr><attr><attrlabl Sync="TRUE">G18CFORPAT</attrlabl><attalias Sync="TRUE">G18CFORPAT</attalias><attrtype Sync="TRUE">Integer</attrtype><attwidth Sync="TRUE">5</attwidth><atprecis Sync="TRUE">5</atprecis><attscale Sync="TRUE">0</attscale></attr><attr><attrlabl Sync="TRUE">G18CFODRIN</attrlabl><attalias Sync="TRUE">G18CFODRIN</attalias><attrtype Sync="TRUE">Integer</attrtype><attwidth Sync="TRUE">5</attwidth><atprecis Sync="TRUE">5</atprecis><attscale Sync="TRUE">0</attscale></attr><attr><attrlabl Sync="TRUE">G18AGRRCAL</attrlabl><attalias Sync="TRUE">G18AGRRCAL</attalias><attrtype Sync="TRUE">Integer</attrtype><attwidth Sync="TRUE">5</attwidth><atprecis Sync="TRUE">5</atprecis><attscale Sync="TRUE">0</attscale></attr><attr><attrlabl Sync="TRUE">G18AGRDFRI</attrlabl><attalias Sync="TRUE">G18AGRDFRI</attalias><attrtype Sync="TRUE">Integer</attrtype><attwidth Sync="TRUE">5</attwidth><atprecis Sync="TRUE">5</atprecis><attscale Sync="TRUE">0</attscale></attr><attr><attrlabl Sync="TRUE">G18A01YES</attrlabl><attalias Sync="TRUE">G18A01YES</attalias><attrtype Sync="TRUE">Integer</attrtype><attwidth Sync="TRUE">5</attwidth><atprecis Sync="TRUE">5</atprecis><attscale Sync="TRUE">0</attscale></attr><attr><attrlabl Sync="TRUE">G18A01NO</attrlabl><attalias Sync="TRUE">G18A01NO</attalias><attrtype Sync="TRUE">Integer</attrtype><attwidth Sync="TRUE">5</attwidth><atprecis Sync="TRUE">5</atprecis><attscale Sync="TRUE">0</attscale></attr><attr><attrlabl Sync="TRUE">G18A02YES</attrlabl><attalias Sync="TRUE">G18A02YES</attalias><attrtype Sync="TRUE">Integer</attrtype><attwidth Sync="TRUE">5</attwidth><atprecis Sync="TRUE">5</atprecis><attscale Sync="TRUE">0</attscale></attr><attr><attrlabl Sync="TRUE">G18A02NO</attrlabl><attalias Sync="TRUE">G18A02NO</attalias><attrtype Sync="TRUE">Integer</attrtype><attwidth Sync="TRUE">5</attwidth><atprecis Sync="TRUE">5</atprecis><attscale Sync="TRUE">0</attscale></attr><attr><attrlabl Sync="TRUE">G18A03YES</attrlabl><attalias Sync="TRUE">G18A03YES</attalias><attrtype Sync="TRUE">Integer</attrtype><attwidth Sync="TRUE">5</attwidth><atprecis Sync="TRUE">5</atprecis><attscale Sync="TRUE">0</attscale></attr><attr><attrlabl Sync="TRUE">G18A03NO</attrlabl><attalias Sync="TRUE">G18A03NO</attalias><attrtype Sync="TRUE">Integer</attrtype><attwidth Sync="TRUE">5</attwidth><atprecis Sync="TRUE">5</atprecis><attscale Sync="TRUE">0</attscale></attr><attr><attrlabl Sync="TRUE">G18A04YES</attrlabl><attalias Sync="TRUE">G18A04YES</attalias><attrtype Sync="TRUE">Integer</attrtype><attwidth Sync="TRUE">5</attwidth><atprecis Sync="TRUE">5</atprecis><attscale Sync="TRUE">0</attscale></attr><attr><attrlabl Sync="TRUE">G18A04NO</attrlabl><attalias Sync="TRUE">G18A04NO</attalias><attrtype Sync="TRUE">Integer</attrtype><attwidth Sync="TRUE">5</attwidth><atprecis Sync="TRUE">5</atprecis><attscale Sync="TRUE">0</attscale></attr><attr><attrlabl Sync="TRUE">G18A05YES</attrlabl><attalias Sync="TRUE">G18A05YES</attalias><attrtype Sync="TRUE">Integer</attrtype><attwidth Sync="TRUE">5</attwidth><atprecis Sync="TRUE">5</atprecis><attscale Sync="TRUE">0</attscale></attr><attr><attrlabl Sync="TRUE">G18A05NO</attrlabl><attalias Sync="TRUE">G18A05NO</attalias><attrtype Sync="TRUE">Integer</attrtype><attwidth Sync="TRUE">5</attwidth><atprecis Sync="TRUE">5</atprecis><attscale Sync="TRUE">0</attscale></attr><attr><attrlabl Sync="TRUE">G18A06YES</attrlabl><attalias Sync="TRUE">G18A06YES</attalias><attrtype Sync="TRUE">Integer</attrtype><attwidth Sync="TRUE">5</attwidth><atprecis Sync="TRUE">5</atprecis><attscale Sync="TRUE">0</attscale></attr><attr><attrlabl Sync="TRUE">G18A06NO</attrlabl><attalias Sync="TRUE">G18A06NO</attalias><attrtype Sync="TRUE">Integer</attrtype><attwidth Sync="TRUE">5</attwidth><atprecis Sync="TRUE">5</atprecis><attscale Sync="TRUE">0</attscale></attr><attr><attrlabl Sync="TRUE">G18A07YES</attrlabl><attalias Sync="TRUE">G18A07YES</attalias><attrtype Sync="TRUE">Integer</attrtype><attwidth Sync="TRUE">5</attwidth><atprecis Sync="TRUE">5</atprecis><attscale Sync="TRUE">0</attscale></attr><attr><attrlabl Sync="TRUE">G18A07NO</attrlabl><attalias Sync="TRUE">G18A07NO</attalias><attrtype Sync="TRUE">Integer</attrtype><attwidth Sync="TRUE">5</attwidth><atprecis Sync="TRUE">5</atprecis><attscale Sync="TRUE">0</attscale></attr><attr><attrlabl Sync="TRUE">G18A09YES</attrlabl><attalias Sync="TRUE">G18A09YES</attalias><attrtype Sync="TRUE">Integer</attrtype><attwidth Sync="TRUE">5</attwidth><atprecis Sync="TRUE">5</atprecis><attscale Sync="TRUE">0</attscale></attr><attr><attrlabl Sync="TRUE">G18A09NO</attrlabl><attalias Sync="TRUE">G18A09NO</attalias><attrtype Sync="TRUE">Integer</attrtype><attwidth Sync="TRUE">5</attwidth><atprecis Sync="TRUE">5</atprecis><attscale Sync="TRUE">0</attscale></attr><attr><attrlabl Sync="TRUE">G18A10YES</attrlabl><attalias Sync="TRUE">G18A10YES</attalias><attrtype Sync="TRUE">Integer</attrtype><attwidth Sync="TRUE">5</attwidth><atprecis Sync="TRUE">5</atprecis><attscale Sync="TRUE">0</attscale></attr><attr><attrlabl Sync="TRUE">G18A10NO</attrlabl><attalias Sync="TRUE">G18A10NO</attalias><attrtype Sync="TRUE">Integer</attrtype><attwidth Sync="TRUE">5</attwidth><atprecis Sync="TRUE">5</atprecis><attscale Sync="TRUE">0</attscale></attr><attr><attrlabl Sync="TRUE">G18A11YES</attrlabl><attalias Sync="TRUE">G18A11YES</attalias><attrtype Sync="TRUE">Integer</attrtype><attwidth Sync="TRUE">5</attwidth><atprecis Sync="TRUE">5</atprecis><attscale Sync="TRUE">0</attscale></attr><attr><attrlabl Sync="TRUE">G18A11NO</attrlabl><attalias Sync="TRUE">G18A11NO</attalias><attrtype Sync="TRUE">Integer</attrtype><attwidth Sync="TRUE">5</attwidth><atprecis Sync="TRUE">5</atprecis><attscale Sync="TRUE">0</attscale></attr><attr><attrlabl Sync="TRUE">G18A12YES</attrlabl><attalias Sync="TRUE">G18A12YES</attalias><attrtype Sync="TRUE">Integer</attrtype><attwidth Sync="TRUE">5</attwidth><atprecis Sync="TRUE">5</atprecis><attscale Sync="TRUE">0</attscale></attr><attr><attrlabl Sync="TRUE">G18A12NO</attrlabl><attalias Sync="TRUE">G18A12NO</attalias><attrtype Sync="TRUE">Integer</attrtype><attwidth Sync="TRUE">5</attwidth><atprecis Sync="TRUE">5</atprecis><attscale Sync="TRUE">0</attscale></attr><attr><attrlabl Sync="TRUE">G18A13YES</attrlabl><attalias Sync="TRUE">G18A13YES</attalias><attrtype Sync="TRUE">Integer</attrtype><attwidth Sync="TRUE">5</attwidth><atprecis Sync="TRUE">5</atprecis><attscale Sync="TRUE">0</attscale></attr><attr><attrlabl Sync="TRUE">G18A13NO</attrlabl><attalias Sync="TRUE">G18A13NO</attalias><attrtype Sync="TRUE">Integer</attrtype><attwidth Sync="TRUE">5</attwidth><atprecis Sync="TRUE">5</atprecis><attscale Sync="TRUE">0</attscale></attr></detailed></eainfo><mdDateSt Sync="TRUE">20210729</mdDateSt></metadata>
