<?xml version="1.0" encoding="UTF-8"?>
<metadata xml:lang="en"><Esri><CreaDate>20210723</CreaDate><CreaTime>13345000</CreaTime><ArcGISFormat>1.0</ArcGISFormat><SyncOnce>TRUE</SyncOnce><DataProperties><lineage><Process ToolSource="c:\program files (x86)\arcgis\desktop10.7\ArcToolbox\Toolboxes\Data Management Tools.tbx\CalculateField" Date="20200725" Time="134217">CalculateField nd_2016 cliperc [G16PREDCLI]/( [G16PRERTRU]+ [G16PREDCLI]) VB #</Process></lineage></DataProperties></Esri></metadata>
