<?xml version="1.0" encoding="UTF-8"?>
<metadata xml:lang="en"><Esri><CreaDate>20190626</CreaDate><CreaTime>16120000</CreaTime><ArcGISFormat>1.0</ArcGISFormat><SyncOnce>FALSE</SyncOnce><DataProperties><itemProps><itemName Sync="TRUE">SC_5_county_swap</itemName><imsContentType Sync="TRUE">002</imsContentType><itemSize Sync="TRUE">0.000</itemSize><itemLocation><linkage Sync="TRUE">file://\\BRIAN-PC\H$\dropbox\Dropbox\Redistricting_Data_Center\Precinct_Maps\in_progress_states\SC\SC_5_county_swap.shp</linkage><protocol Sync="TRUE">Local Area Network</protocol></itemLocation></itemProps><coordRef><type Sync="TRUE">Projected</type><geogcsn Sync="TRUE">GCS_North_American_1983</geogcsn><csUnits Sync="TRUE">Linear Unit: Foot (0.304800)</csUnits><projcsn Sync="TRUE">NAD_1983_StatePlane_South_Carolina_FIPS_3900_Feet_Intl</projcsn><peXml Sync="TRUE">&lt;ProjectedCoordinateSystem xsi:type='typens:ProjectedCoordinateSystem' xmlns:xsi='http://www.w3.org/2001/XMLSchema-instance' xmlns:xs='http://www.w3.org/2001/XMLSchema' xmlns:typens='http://www.esri.com/schemas/ArcGIS/10.5'&gt;&lt;WKT&gt;PROJCS[&amp;quot;NAD_1983_StatePlane_South_Carolina_FIPS_3900_Feet_Intl&amp;quot;,GEOGCS[&amp;quot;GCS_North_American_1983&amp;quot;,DATUM[&amp;quot;D_North_American_1983&amp;quot;,SPHEROID[&amp;quot;GRS_1980&amp;quot;,6378137.0,298.257222101]],PRIMEM[&amp;quot;Greenwich&amp;quot;,0.0],UNIT[&amp;quot;Degree&amp;quot;,0.0174532925199433]],PROJECTION[&amp;quot;Lambert_Conformal_Conic&amp;quot;],PARAMETER[&amp;quot;False_Easting&amp;quot;,2000000.0],PARAMETER[&amp;quot;False_Northing&amp;quot;,0.0],PARAMETER[&amp;quot;Central_Meridian&amp;quot;,-81.0],PARAMETER[&amp;quot;Standard_Parallel_1&amp;quot;,32.5],PARAMETER[&amp;quot;Standard_Parallel_2&amp;quot;,34.83333333333334],PARAMETER[&amp;quot;Latitude_Of_Origin&amp;quot;,31.83333333333333],UNIT[&amp;quot;Foot&amp;quot;,0.3048],AUTHORITY[&amp;quot;EPSG&amp;quot;,2273]]&lt;/WKT&gt;&lt;XOrigin&gt;-122907600&lt;/XOrigin&gt;&lt;YOrigin&gt;-92800700&lt;/YOrigin&gt;&lt;XYScale&gt;36055449.207017787&lt;/XYScale&gt;&lt;ZOrigin&gt;-100000&lt;/ZOrigin&gt;&lt;ZScale&gt;10000&lt;/ZScale&gt;&lt;MOrigin&gt;-100000&lt;/MOrigin&gt;&lt;MScale&gt;10000&lt;/MScale&gt;&lt;XYTolerance&gt;0.0032808398950131233&lt;/XYTolerance&gt;&lt;ZTolerance&gt;0.001&lt;/ZTolerance&gt;&lt;MTolerance&gt;0.001&lt;/MTolerance&gt;&lt;HighPrecision&gt;true&lt;/HighPrecision&gt;&lt;WKID&gt;2273&lt;/WKID&gt;&lt;LatestWKID&gt;2273&lt;/LatestWKID&gt;&lt;/ProjectedCoordinateSystem&gt;</peXml></coordRef><lineage><Process ToolSource="c:\program files (x86)\arcgis\desktop10.5\ArcToolbox\Toolboxes\Data Management Tools.tbx\Merge" Date="20190624" Time="100810">Merge SC_Pres_Precinct_2016;PVS_18_v2_vtd_45003 H:\dropbox\Dropbox\Redistricting_Data_Center\Precinct_Maps\in_progress_states\SC\sc_2016_aiken_fix.shp "OBJECTID_1 "OBJECTID_1" true true false 10 Long 0 10 ,First,#,SC_Pres_Precinct_2016,OBJECTID_1,-1,-1;OBJECTID "OBJECTID" true true false 10 Long 0 10 ,First,#,SC_Pres_Precinct_2016,OBJECTID,-1,-1;District "District" true true false 12 Text 0 0 ,First,#,SC_Pres_Precinct_2016,District,-1,-1;Members "Members" true true false 13 Float 0 0 ,First,#,SC_Pres_Precinct_2016,Members,-1,-1;Locked "Locked" true true false 1 Text 0 0 ,First,#,SC_Pres_Precinct_2016,Locked,-1,-1;Name "Name" true true false 43 Text 0 0 ,First,#,SC_Pres_Precinct_2016,Name,-1,-1,PVS_18_v2_vtd_45003,NAME,-1,-1;Population "Population" true true false 10 Long 0 10 ,First,#,SC_Pres_Precinct_2016,Population,-1,-1;SHAPE_Leng "SHAPE_Leng" true true false 19 Double 0 0 ,First,#,SC_Pres_Precinct_2016,SHAPE_Leng,-1,-1;Voters "Voters" true true false 8 Text 0 0 ,First,#,SC_Pres_Precinct_2016,Voters,-1,-1;PName "PName" true true false 50 Text 0 0 ,First,#,SC_Pres_Precinct_2016,PName,-1,-1;PCode "PCode" true true false 3 Text 0 0 ,First,#,SC_Pres_Precinct_2016,PCode,-1,-1;County "County" true true false 3 Text 0 0 ,First,#,SC_Pres_Precinct_2016,County,-1,-1;Code_Name "Code_Name" true true false 50 Text 0 0 ,First,#,SC_Pres_Precinct_2016,Code_Name,-1,-1;Shape_Le_1 "Shape_Le_1" true true false 19 Double 0 0 ,First,#,SC_Pres_Precinct_2016,Shape_Le_1,-1,-1;Shape_Area "Shape_Area" true true false 19 Double 0 0 ,First,#,SC_Pres_Precinct_2016,Shape_Area,-1,-1;STATEFP "STATEFP" true true false 2 Text 0 0 ,First,#,PVS_18_v2_vtd_45003,STATEFP,-1,-1;COUNTYFP "COUNTYFP" true true false 3 Text 0 0 ,First,#,PVS_18_v2_vtd_45003,COUNTYFP,-1,-1;VTDST "VTDST" true true false 6 Text 0 0 ,First,#,PVS_18_v2_vtd_45003,VTDST,-1,-1;NAMELSAD "NAMELSAD" true true false 120 Text 0 0 ,First,#,PVS_18_v2_vtd_45003,NAMELSAD,-1,-1;VTDI "VTDI" true true false 1 Text 0 0 ,First,#,PVS_18_v2_vtd_45003,VTDI,-1,-1;LSAD "LSAD" true true false 2 Text 0 0 ,First,#,PVS_18_v2_vtd_45003,LSAD,-1,-1;CHNG_TYPE "CHNG_TYPE" true true false 2 Text 0 0 ,First,#,PVS_18_v2_vtd_45003,CHNG_TYPE,-1,-1;ORIG_NAME "ORIG_NAME" true true false 100 Text 0 0 ,First,#,PVS_18_v2_vtd_45003,ORIG_NAME,-1,-1;ORIG_CODE "ORIG_CODE" true true false 6 Text 0 0 ,First,#,PVS_18_v2_vtd_45003,ORIG_CODE,-1,-1;RELATE "RELATE" true true false 120 Text 0 0 ,First,#,PVS_18_v2_vtd_45003,RELATE,-1,-1;VINTAGE "VINTAGE" true true false 2 Text 0 0 ,First,#,PVS_18_v2_vtd_45003,VINTAGE,-1,-1;FUNCSTAT "FUNCSTAT" true true false 1 Text 0 0 ,First,#,PVS_18_v2_vtd_45003,FUNCSTAT,-1,-1;JUSTIFY "JUSTIFY" true true false 150 Text 0 0 ,First,#,PVS_18_v2_vtd_45003,JUSTIFY,-1,-1;MTFCC "MTFCC" true true false 5 Text 0 0 ,First,#,PVS_18_v2_vtd_45003,MTFCC,-1,-1"</Process><Process ToolSource="c:\program files (x86)\arcgis\desktop10.5\ArcToolbox\Toolboxes\Data Management Tools.tbx\Merge" Date="20190624" Time="215115">Merge sc_2016_aiken_fix;southcarolina H:\dropbox\Dropbox\Redistricting_Data_Center\Precinct_Maps\in_progress_states\SC\SC_5_county_swap.shp "OBJECTID_1 "OBJECTID_1" true true false 10 Long 0 10 ,First,#,sc_2016_aiken_fix,OBJECTID_1,-1,-1;OBJECTID "OBJECTID" true true false 10 Long 0 10 ,First,#,sc_2016_aiken_fix,OBJECTID,-1,-1;District "District" true true false 12 Text 0 0 ,First,#,sc_2016_aiken_fix,District,-1,-1;Members "Members" true true false 13 Float 0 0 ,First,#,sc_2016_aiken_fix,Members,-1,-1;Locked "Locked" true true false 1 Text 0 0 ,First,#,sc_2016_aiken_fix,Locked,-1,-1;Name "Name" true true false 43 Text 0 0 ,First,#,sc_2016_aiken_fix,Name,-1,-1;Population "Population" true true false 10 Long 0 10 ,First,#,sc_2016_aiken_fix,Population,-1,-1;SHAPE_Leng "SHAPE_Leng" true true false 19 Double 0 0 ,First,#,sc_2016_aiken_fix,SHAPE_Leng,-1,-1;Voters "Voters" true true false 8 Text 0 0 ,First,#,sc_2016_aiken_fix,Voters,-1,-1;PName "PName" true true false 50 Text 0 0 ,First,#,sc_2016_aiken_fix,PName,-1,-1,southcarolina,PName,-1,-1;PCode "PCode" true true false 3 Text 0 0 ,First,#,sc_2016_aiken_fix,PCode,-1,-1,southcarolina,PCode,-1,-1;County "County" true true false 3 Text 0 0 ,First,#,sc_2016_aiken_fix,County,-1,-1,southcarolina,County,-1,-1;Code_Name "Code_Name" true true false 50 Text 0 0 ,First,#,sc_2016_aiken_fix,Code_Name,-1,-1,southcarolina,Code_Name,-1,-1;Shape_Le_1 "Shape_Le_1" true true false 19 Double 0 0 ,First,#,sc_2016_aiken_fix,Shape_Le_1,-1,-1;Shape_Area "Shape_Area" true true false 19 Double 0 0 ,First,#,sc_2016_aiken_fix,Shape_Area,-1,-1;STATEFP "STATEFP" true true false 2 Text 0 0 ,First,#,sc_2016_aiken_fix,STATEFP,-1,-1;COUNTYFP "COUNTYFP" true true false 3 Text 0 0 ,First,#,sc_2016_aiken_fix,COUNTYFP,-1,-1;VTDST "VTDST" true true false 6 Text 0 0 ,First,#,sc_2016_aiken_fix,VTDST,-1,-1;NAMELSAD "NAMELSAD" true true false 120 Text 0 0 ,First,#,sc_2016_aiken_fix,NAMELSAD,-1,-1;VTDI "VTDI" true true false 1 Text 0 0 ,First,#,sc_2016_aiken_fix,VTDI,-1,-1;LSAD "LSAD" true true false 2 Text 0 0 ,First,#,sc_2016_aiken_fix,LSAD,-1,-1;CHNG_TYPE "CHNG_TYPE" true true false 2 Text 0 0 ,First,#,sc_2016_aiken_fix,CHNG_TYPE,-1,-1;ORIG_NAME "ORIG_NAME" true true false 100 Text 0 0 ,First,#,sc_2016_aiken_fix,ORIG_NAME,-1,-1;ORIG_CODE "ORIG_CODE" true true false 6 Text 0 0 ,First,#,sc_2016_aiken_fix,ORIG_CODE,-1,-1;RELATE "RELATE" true true false 120 Text 0 0 ,First,#,sc_2016_aiken_fix,RELATE,-1,-1;VINTAGE "VINTAGE" true true false 2 Text 0 0 ,First,#,sc_2016_aiken_fix,VINTAGE,-1,-1;FUNCSTAT "FUNCSTAT" true true false 1 Text 0 0 ,First,#,sc_2016_aiken_fix,FUNCSTAT,-1,-1;JUSTIFY "JUSTIFY" true true false 150 Text 0 0 ,First,#,sc_2016_aiken_fix,JUSTIFY,-1,-1;MTFCC "MTFCC" true true false 5 Text 0 0 ,First,#,sc_2016_aiken_fix,MTFCC,-1,-1;Labels "Labels" true true false 50 Text 0 0 ,First,#,southcarolina,Labels,-1,-1"</Process><Process ToolSource="c:\program files (x86)\arcgis\desktop10.5\ArcToolbox\Toolboxes\Data Management Tools.tbx\CalculateField" Date="20190625" Time="121208">CalculateField SC_5_county_swap PNAME [NAME] VB #</Process><Process ToolSource="c:\program files (x86)\arcgis\desktop10.5\ArcToolbox\Toolboxes\Data Management Tools.tbx\DeleteField" Date="20190626" Time="161248">DeleteField sc_2016 OBJECTID_1;OBJECTID;DISTRICT;MEMBERS;LOCKED;NAME;POPULATION;SHAPE_LENG;VOTERS;PCODE;CODE_NAME;SHAPE_LE_1;STATEFP;COUNTYFP;VTDST;NAMELSAD;VTDI;LSAD;CHNG_TYPE;ORIG_NAME;ORIG_CODE;RELATE;VINTAGE;FUNCSTAT;JUSTIFY;MTFCC;LABELS</Process></lineage></DataProperties><SyncDate>20190624</SyncDate><SyncTime>21511100</SyncTime><ModDate>20190624</ModDate><ModTime>21511100</ModTime></Esri><dataIdInfo><envirDesc Sync="TRUE">Microsoft Windows 7 Version 6.1 (Build 7601) Service Pack 1; Esri ArcGIS 10.5.0.6491</envirDesc><dataLang><languageCode value="eng" Sync="TRUE"></languageCode><countryCode value="USA" Sync="TRUE"></countryCode></dataLang><idCitation><resTitle Sync="TRUE">SC_5_county_swap</resTitle><presForm><PresFormCd value="005" Sync="TRUE"></PresFormCd></presForm></idCitation><spatRpType><SpatRepTypCd value="001" Sync="TRUE"></SpatRepTypCd></spatRpType></dataIdInfo><mdLang><languageCode value="eng" Sync="TRUE"></languageCode><countryCode value="USA" Sync="TRUE"></countryCode></mdLang><mdChar><CharSetCd value="004" Sync="TRUE"></CharSetCd></mdChar><distInfo><distFormat><formatName Sync="TRUE">Shapefile</formatName></distFormat><distTranOps><transSize Sync="TRUE">0.000</transSize></distTranOps></distInfo><mdHrLv><ScopeCd value="005" Sync="TRUE"></ScopeCd></mdHrLv><mdHrLvName Sync="TRUE">dataset</mdHrLvName><refSysInfo><RefSystem><refSysID><identCode code="2273" Sync="TRUE"></identCode><idCodeSpace Sync="TRUE">EPSG</idCodeSpace><idVersion Sync="TRUE">6.12(9.0.0)</idVersion></refSysID></RefSystem></refSysInfo><spatRepInfo><VectSpatRep><geometObjs Name="SC_5_county_swap"><geoObjTyp><GeoObjTypCd value="002" Sync="TRUE"></GeoObjTypCd></geoObjTyp><geoObjCnt Sync="TRUE">0</geoObjCnt></geometObjs><topLvl><TopoLevCd value="001" Sync="TRUE"></TopoLevCd></topLvl></VectSpatRep></spatRepInfo><spdoinfo><ptvctinf><esriterm Name="SC_5_county_swap"><efeatyp Sync="TRUE">Simple</efeatyp><efeageom code="4" Sync="TRUE"></efeageom><esritopo Sync="TRUE">FALSE</esritopo><efeacnt Sync="TRUE">0</efeacnt><spindex Sync="TRUE">FALSE</spindex><linrefer Sync="TRUE">TRUE</linrefer></esriterm></ptvctinf></spdoinfo><eainfo><detailed Name="SC_5_county_swap"><enttyp><enttypl Sync="TRUE">SC_5_county_swap</enttypl><enttypt Sync="TRUE">Feature Class</enttypt><enttypc Sync="TRUE">0</enttypc></enttyp><attr><attrlabl Sync="TRUE">FID</attrlabl><attalias Sync="TRUE">FID</attalias><attrtype Sync="TRUE">OID</attrtype><attwidth Sync="TRUE">4</attwidth><atprecis Sync="TRUE">0</atprecis><attscale Sync="TRUE">0</attscale><attrdef Sync="TRUE">Internal feature number.</attrdef><attrdefs Sync="TRUE">Esri</attrdefs><attrdomv><udom Sync="TRUE">Sequential unique whole numbers that are automatically generated.</udom></attrdomv></attr><attr><attrlabl Sync="TRUE">Shape</attrlabl><attalias Sync="TRUE">Shape</attalias><attrtype Sync="TRUE">Geometry</attrtype><attwidth Sync="TRUE">0</attwidth><atprecis Sync="TRUE">0</atprecis><attscale Sync="TRUE">0</attscale><attrdef Sync="TRUE">Feature geometry.</attrdef><attrdefs Sync="TRUE">Esri</attrdefs><attrdomv><udom Sync="TRUE">Coordinates defining the features.</udom></attrdomv></attr><attr><attrlabl Sync="TRUE">OBJECTID_1</attrlabl><attalias Sync="TRUE">OBJECTID_1</attalias><attrtype Sync="TRUE">Integer</attrtype><attwidth Sync="TRUE">10</attwidth><atprecis Sync="TRUE">10</atprecis><attscale Sync="TRUE">0</attscale></attr><attr><attrlabl Sync="TRUE">OBJECTID</attrlabl><attalias Sync="TRUE">OBJECTID</attalias><attrtype Sync="TRUE">Integer</attrtype><attwidth Sync="TRUE">10</attwidth><atprecis Sync="TRUE">10</atprecis><attscale Sync="TRUE">0</attscale></attr><attr><attrlabl Sync="TRUE">District</attrlabl><attalias Sync="TRUE">District</attalias><attrtype Sync="TRUE">String</attrtype><attwidth Sync="TRUE">12</attwidth><atprecis Sync="TRUE">0</atprecis><attscale Sync="TRUE">0</attscale></attr><attr><attrlabl Sync="TRUE">Members</attrlabl><attalias Sync="TRUE">Members</attalias><attrtype Sync="TRUE">Single</attrtype><attwidth Sync="TRUE">13</attwidth><atprecis Sync="TRUE">0</atprecis><attscale Sync="TRUE">0</attscale></attr><attr><attrlabl Sync="TRUE">Locked</attrlabl><attalias Sync="TRUE">Locked</attalias><attrtype Sync="TRUE">String</attrtype><attwidth Sync="TRUE">1</attwidth><atprecis Sync="TRUE">0</atprecis><attscale Sync="TRUE">0</attscale></attr><attr><attrlabl Sync="TRUE">Name</attrlabl><attalias Sync="TRUE">Name</attalias><attrtype Sync="TRUE">String</attrtype><attwidth Sync="TRUE">43</attwidth><atprecis Sync="TRUE">0</atprecis><attscale Sync="TRUE">0</attscale></attr><attr><attrlabl Sync="TRUE">Population</attrlabl><attalias Sync="TRUE">Population</attalias><attrtype Sync="TRUE">Integer</attrtype><attwidth Sync="TRUE">10</attwidth><atprecis Sync="TRUE">10</atprecis><attscale Sync="TRUE">0</attscale></attr><attr><attrlabl Sync="TRUE">SHAPE_Leng</attrlabl><attalias Sync="TRUE">SHAPE_Leng</attalias><attrtype Sync="TRUE">Double</attrtype><attwidth Sync="TRUE">19</attwidth><atprecis Sync="TRUE">0</atprecis><attscale Sync="TRUE">0</attscale></attr><attr><attrlabl Sync="TRUE">Voters</attrlabl><attalias Sync="TRUE">Voters</attalias><attrtype Sync="TRUE">String</attrtype><attwidth Sync="TRUE">8</attwidth><atprecis Sync="TRUE">0</atprecis><attscale Sync="TRUE">0</attscale></attr><attr><attrlabl Sync="TRUE">PName</attrlabl><attalias Sync="TRUE">PName</attalias><attrtype Sync="TRUE">String</attrtype><attwidth Sync="TRUE">50</attwidth><atprecis Sync="TRUE">0</atprecis><attscale Sync="TRUE">0</attscale></attr><attr><attrlabl Sync="TRUE">PCode</attrlabl><attalias Sync="TRUE">PCode</attalias><attrtype Sync="TRUE">String</attrtype><attwidth Sync="TRUE">3</attwidth><atprecis Sync="TRUE">0</atprecis><attscale Sync="TRUE">0</attscale></attr><attr><attrlabl Sync="TRUE">County</attrlabl><attalias Sync="TRUE">County</attalias><attrtype Sync="TRUE">String</attrtype><attwidth Sync="TRUE">3</attwidth><atprecis Sync="TRUE">0</atprecis><attscale Sync="TRUE">0</attscale></attr><attr><attrlabl Sync="TRUE">Code_Name</attrlabl><attalias Sync="TRUE">Code_Name</attalias><attrtype Sync="TRUE">String</attrtype><attwidth Sync="TRUE">50</attwidth><atprecis Sync="TRUE">0</atprecis><attscale Sync="TRUE">0</attscale></attr><attr><attrlabl Sync="TRUE">Shape_Le_1</attrlabl><attalias Sync="TRUE">Shape_Le_1</attalias><attrtype Sync="TRUE">Double</attrtype><attwidth Sync="TRUE">19</attwidth><atprecis Sync="TRUE">0</atprecis><attscale Sync="TRUE">0</attscale></attr><attr><attrlabl Sync="TRUE">Shape_Area</attrlabl><attalias Sync="TRUE">Shape_Area</attalias><attrtype Sync="TRUE">Double</attrtype><attwidth Sync="TRUE">19</attwidth><atprecis Sync="TRUE">0</atprecis><attscale Sync="TRUE">0</attscale><attrdef Sync="TRUE">Area of feature in internal units squared.</attrdef><attrdefs Sync="TRUE">Esri</attrdefs><attrdomv><udom Sync="TRUE">Positive real numbers that are automatically generated.</udom></attrdomv></attr><attr><attrlabl Sync="TRUE">STATEFP</attrlabl><attalias Sync="TRUE">STATEFP</attalias><attrtype Sync="TRUE">String</attrtype><attwidth Sync="TRUE">2</attwidth><atprecis Sync="TRUE">0</atprecis><attscale Sync="TRUE">0</attscale></attr><attr><attrlabl Sync="TRUE">COUNTYFP</attrlabl><attalias Sync="TRUE">COUNTYFP</attalias><attrtype Sync="TRUE">String</attrtype><attwidth Sync="TRUE">3</attwidth><atprecis Sync="TRUE">0</atprecis><attscale Sync="TRUE">0</attscale></attr><attr><attrlabl Sync="TRUE">VTDST</attrlabl><attalias Sync="TRUE">VTDST</attalias><attrtype Sync="TRUE">String</attrtype><attwidth Sync="TRUE">6</attwidth><atprecis Sync="TRUE">0</atprecis><attscale Sync="TRUE">0</attscale></attr><attr><attrlabl Sync="TRUE">NAMELSAD</attrlabl><attalias Sync="TRUE">NAMELSAD</attalias><attrtype Sync="TRUE">String</attrtype><attwidth Sync="TRUE">120</attwidth><atprecis Sync="TRUE">0</atprecis><attscale Sync="TRUE">0</attscale></attr><attr><attrlabl Sync="TRUE">VTDI</attrlabl><attalias Sync="TRUE">VTDI</attalias><attrtype Sync="TRUE">String</attrtype><attwidth Sync="TRUE">1</attwidth><atprecis Sync="TRUE">0</atprecis><attscale Sync="TRUE">0</attscale></attr><attr><attrlabl Sync="TRUE">LSAD</attrlabl><attalias Sync="TRUE">LSAD</attalias><attrtype Sync="TRUE">String</attrtype><attwidth Sync="TRUE">2</attwidth><atprecis Sync="TRUE">0</atprecis><attscale Sync="TRUE">0</attscale></attr><attr><attrlabl Sync="TRUE">CHNG_TYPE</attrlabl><attalias Sync="TRUE">CHNG_TYPE</attalias><attrtype Sync="TRUE">String</attrtype><attwidth Sync="TRUE">2</attwidth><atprecis Sync="TRUE">0</atprecis><attscale Sync="TRUE">0</attscale></attr><attr><attrlabl Sync="TRUE">ORIG_NAME</attrlabl><attalias Sync="TRUE">ORIG_NAME</attalias><attrtype Sync="TRUE">String</attrtype><attwidth Sync="TRUE">100</attwidth><atprecis Sync="TRUE">0</atprecis><attscale Sync="TRUE">0</attscale></attr><attr><attrlabl Sync="TRUE">ORIG_CODE</attrlabl><attalias Sync="TRUE">ORIG_CODE</attalias><attrtype Sync="TRUE">String</attrtype><attwidth Sync="TRUE">6</attwidth><atprecis Sync="TRUE">0</atprecis><attscale Sync="TRUE">0</attscale></attr><attr><attrlabl Sync="TRUE">RELATE</attrlabl><attalias Sync="TRUE">RELATE</attalias><attrtype Sync="TRUE">String</attrtype><attwidth Sync="TRUE">120</attwidth><atprecis Sync="TRUE">0</atprecis><attscale Sync="TRUE">0</attscale></attr><attr><attrlabl Sync="TRUE">VINTAGE</attrlabl><attalias Sync="TRUE">VINTAGE</attalias><attrtype Sync="TRUE">String</attrtype><attwidth Sync="TRUE">2</attwidth><atprecis Sync="TRUE">0</atprecis><attscale Sync="TRUE">0</attscale></attr><attr><attrlabl Sync="TRUE">FUNCSTAT</attrlabl><attalias Sync="TRUE">FUNCSTAT</attalias><attrtype Sync="TRUE">String</attrtype><attwidth Sync="TRUE">1</attwidth><atprecis Sync="TRUE">0</atprecis><attscale Sync="TRUE">0</attscale></attr><attr><attrlabl Sync="TRUE">JUSTIFY</attrlabl><attalias Sync="TRUE">JUSTIFY</attalias><attrtype Sync="TRUE">String</attrtype><attwidth Sync="TRUE">150</attwidth><atprecis Sync="TRUE">0</atprecis><attscale Sync="TRUE">0</attscale></attr><attr><attrlabl Sync="TRUE">MTFCC</attrlabl><attalias Sync="TRUE">MTFCC</attalias><attrtype Sync="TRUE">String</attrtype><attwidth Sync="TRUE">5</attwidth><atprecis Sync="TRUE">0</atprecis><attscale Sync="TRUE">0</attscale></attr><attr><attrlabl Sync="TRUE">Labels</attrlabl><attalias Sync="TRUE">Labels</attalias><attrtype Sync="TRUE">String</attrtype><attwidth Sync="TRUE">50</attwidth><atprecis Sync="TRUE">0</atprecis><attscale Sync="TRUE">0</attscale></attr></detailed></eainfo><mdDateSt Sync="TRUE">20190624</mdDateSt></metadata>
