<?xml version="1.0" encoding="UTF-8"?>
<metadata xml:lang="en"><Esri><CreaDate>20210729</CreaDate><CreaTime>16571400</CreaTime><ArcGISFormat>1.0</ArcGISFormat><SyncOnce>FALSE</SyncOnce><DataProperties><itemProps><itemName Sync="TRUE">fl_2016_w_replacements</itemName><imsContentType Sync="TRUE">002</imsContentType><itemSize Sync="TRUE">0.000</itemSize><itemLocation><linkage Sync="TRUE">file://\\BRIAN-PC\H$\dropbox\Dropbox\fl_2020\2016\fl_2016_w_replacements.shp</linkage><protocol Sync="TRUE">Local Area Network</protocol></itemLocation></itemProps><coordRef><type Sync="TRUE">Projected</type><geogcsn Sync="TRUE">GCS_North_American_1983</geogcsn><csUnits Sync="TRUE">Linear Unit: Foot_US (0.304801)</csUnits><projcsn Sync="TRUE">NAD_1983_StatePlane_Florida_East_FIPS_0901_Feet</projcsn><peXml Sync="TRUE">&lt;ProjectedCoordinateSystem xsi:type='typens:ProjectedCoordinateSystem' xmlns:xsi='http://www.w3.org/2001/XMLSchema-instance' xmlns:xs='http://www.w3.org/2001/XMLSchema' xmlns:typens='http://www.esri.com/schemas/ArcGIS/10.7'&gt;&lt;WKT&gt;PROJCS[&amp;quot;NAD_1983_StatePlane_Florida_East_FIPS_0901_Feet&amp;quot;,GEOGCS[&amp;quot;GCS_North_American_1983&amp;quot;,DATUM[&amp;quot;D_North_American_1983&amp;quot;,SPHEROID[&amp;quot;GRS_1980&amp;quot;,6378137.0,298.257222101]],PRIMEM[&amp;quot;Greenwich&amp;quot;,0.0],UNIT[&amp;quot;Degree&amp;quot;,0.0174532925199433]],PROJECTION[&amp;quot;Transverse_Mercator&amp;quot;],PARAMETER[&amp;quot;False_Easting&amp;quot;,656166.6666666665],PARAMETER[&amp;quot;False_Northing&amp;quot;,0.0],PARAMETER[&amp;quot;Central_Meridian&amp;quot;,-81.0],PARAMETER[&amp;quot;Scale_Factor&amp;quot;,0.9999411764705882],PARAMETER[&amp;quot;Latitude_Of_Origin&amp;quot;,24.33333333333333],UNIT[&amp;quot;Foot_US&amp;quot;,0.3048006096012192],AUTHORITY[&amp;quot;EPSG&amp;quot;,2236]]&lt;/WKT&gt;&lt;XOrigin&gt;-17791300&lt;/XOrigin&gt;&lt;YOrigin&gt;-41645400&lt;/YOrigin&gt;&lt;XYScale&gt;137249422.94257641&lt;/XYScale&gt;&lt;ZOrigin&gt;-100000&lt;/ZOrigin&gt;&lt;ZScale&gt;10000&lt;/ZScale&gt;&lt;MOrigin&gt;-100000&lt;/MOrigin&gt;&lt;MScale&gt;10000&lt;/MScale&gt;&lt;XYTolerance&gt;0.0032808333333333331&lt;/XYTolerance&gt;&lt;ZTolerance&gt;0.001&lt;/ZTolerance&gt;&lt;MTolerance&gt;0.001&lt;/MTolerance&gt;&lt;HighPrecision&gt;true&lt;/HighPrecision&gt;&lt;WKID&gt;102658&lt;/WKID&gt;&lt;LatestWKID&gt;2236&lt;/LatestWKID&gt;&lt;/ProjectedCoordinateSystem&gt;</peXml></coordRef><lineage><Process ToolSource="c:\program files (x86)\arcgis\desktop10.5\ArcToolbox\Toolboxes\Data Management Tools.tbx\Merge" Date="20190626" Time="142540">Merge fl_2016;JEF_new;CLM_new;CHA_new;JAC_new;HEN_new;LEV_new;HER_new;MAD_new;WAL_new;HOL_new H:\dropbox\Dropbox\fl_2018\fix_2016\fl_2016_fixed.shp "pct "pct" true true false 50 Text 0 0 ,First,#,fl_2016,pct,-1,-1,JEF_new,pct,-1,-1,CLM_new,pct,-1,-1,CHA_new,pct,-1,-1,JAC_new,pct,-1,-1,HEN_new,pct,-1,-1,LEV_new,pct,-1,-1,HER_new,pct,-1,-1,MAD_new,pct,-1,-1,WAL_new,pct,-1,-1,HOL_new,pct,-1,-1;county "county" true true false 50 Text 0 0 ,First,#,fl_2016,county,-1,-1,JEF_new,county,-1,-1,CLM_new,county,-1,-1,CHA_new,county,-1,-1,JAC_new,county,-1,-1,HEN_new,County,-1,-1,LEV_new,county,-1,-1,HER_new,county,-1,-1,MAD_new,county,-1,-1,WAL_new,county,-1,-1,HOL_new,county,-1,-1;countypct "countypct" true true false 15 Text 0 0 ,First,#,fl_2016,countypct,-1,-1,JEF_new,countypct,-1,-1,CLM_new,countypct,-1,-1,CHA_new,countypct,-1,-1,JAC_new,countypct,-1,-1,HEN_new,countypct,-1,-1,LEV_new,countypct,-1,-1,HER_new,countypct,-1,-1,MAD_new,countypct,-1,-1,WAL_new,countypct,-1,-1,HOL_new,countypct,-1,-1;G16PRERTru "G16PRERTru" true true false 10 Long 0 10 ,First,#,fl_2016,G16PRERTru,-1,-1,JEF_new,G16PRERTru,-1,-1,CLM_new,G16PRERTru,-1,-1,CHA_new,G16PRERTru,-1,-1,JAC_new,G16PRERTru,-1,-1,HEN_new,G16PRERTru,-1,-1,LEV_new,G16PRERTru,-1,-1,HER_new,G16PRERTru,-1,-1,MAD_new,G16PRERTru,-1,-1,WAL_new,G16PRERTru,-1,-1,HOL_new,G16PRERTru,-1,-1;G16PREDCli "G16PREDCli" true true false 10 Long 0 10 ,First,#,fl_2016,G16PREDCli,-1,-1,JEF_new,G16PREDCli,-1,-1,CLM_new,G16PREDCli,-1,-1,CHA_new,G16PREDCli,-1,-1,JAC_new,G16PREDCli,-1,-1,HEN_new,G16PREDCli,-1,-1,LEV_new,G16PREDCli,-1,-1,HER_new,G16PREDCli,-1,-1,MAD_new,G16PREDCli,-1,-1,WAL_new,G16PREDCli,-1,-1,HOL_new,G16PREDCli,-1,-1;G16PRELJon "G16PRELJon" true true false 10 Long 0 10 ,First,#,fl_2016,G16PRELJon,-1,-1,JEF_new,G16PRELJon,-1,-1,CLM_new,G16PRELJon,-1,-1,CHA_new,G16PRELJon,-1,-1,JAC_new,G16PRELJon,-1,-1,HEN_new,G16PRELJon,-1,-1,LEV_new,G16PRELJon,-1,-1,HER_new,G16PRELJon,-1,-1,MAD_new,G16PRELJon,-1,-1,WAL_new,G16PRELJon,-1,-1,HOL_new,G16PRELJon,-1,-1;G16PRECCas "G16PRECCas" true true false 10 Long 0 10 ,First,#,fl_2016,G16PRECCas,-1,-1,JEF_new,G16PRECCas,-1,-1,CLM_new,G16PRECCas,-1,-1,CHA_new,G16PRECCas,-1,-1,JAC_new,G16PRECCas,-1,-1,HEN_new,G16PRECCas,-1,-1,LEV_new,G16PRECCas,-1,-1,HER_new,G16PRECCas,-1,-1,MAD_new,G16PRECCas,-1,-1,WAL_new,G16PRECCas,-1,-1,HOL_new,G16PRECCas,-1,-1;G16PREGSte "G16PREGSte" true true false 10 Long 0 10 ,First,#,fl_2016,G16PREGSte,-1,-1,JEF_new,G16PREGSte,-1,-1,CLM_new,G16PREGSte,-1,-1,CHA_new,G16PREGSte,-1,-1,JAC_new,G16PREGSte,-1,-1,HEN_new,G16PREGSte,-1,-1,LEV_new,G16PREGSte,-1,-1,HER_new,G16PREGSte,-1,-1,MAD_new,G16PREGSte,-1,-1,WAL_new,G16PREGSte,-1,-1,HOL_new,G16PREGSte,-1,-1;G16PREIDeL "G16PREIDeL" true true false 10 Long 0 10 ,First,#,fl_2016,G16PREIDeL,-1,-1,JEF_new,G16PREIDeL,-1,-1,CLM_new,G16PREIDeL,-1,-1,CHA_new,G16PREIDeL,-1,-1,JAC_new,G16PREIDeL,-1,-1,HEN_new,G16PREIDeL,-1,-1,LEV_new,G16PREIDeL,-1,-1,HER_new,G16PREIDeL,-1,-1,MAD_new,G16PREIDeL,-1,-1,WAL_new,G16PREIDeL,-1,-1,HOL_new,G16PREIDeL,-1,-1;G16PREoth "G16PREoth" true true false 10 Long 0 10 ,First,#,fl_2016,G16PREoth,-1,-1,JEF_new,G16PREoth,-1,-1,CLM_new,G16PREoth,-1,-1,CHA_new,G16PREoth,-1,-1,JAC_new,G16PREoth,-1,-1,HEN_new,G16PREoth,-1,-1,LEV_new,G16PREoth,-1,-1,HER_new,G16PREoth,-1,-1,MAD_new,G16PREoth,-1,-1,WAL_new,G16PREoth,-1,-1,HOL_new,G16PREoth,-1,-1;G16USSRRub "G16USSRRub" true true false 10 Long 0 10 ,First,#,fl_2016,G16USSRRub,-1,-1,JEF_new,G16USSRRub,-1,-1,CLM_new,G16USSRRub,-1,-1,CHA_new,G16USSRRub,-1,-1,JAC_new,G16USSRRub,-1,-1,HEN_new,G16USSRRub,-1,-1,LEV_new,G16USSRRub,-1,-1,HER_new,G16USSRRub,-1,-1,MAD_new,G16USSRRub,-1,-1,WAL_new,G16USSRRub,-1,-1,HOL_new,G16USSRRub,-1,-1;G16USSDMur "G16USSDMur" true true false 10 Long 0 10 ,First,#,fl_2016,G16USSDMur,-1,-1,JEF_new,G16USSDMur,-1,-1,CLM_new,G16USSDMur,-1,-1,CHA_new,G16USSDMur,-1,-1,JAC_new,G16USSDMur,-1,-1,HEN_new,G16USSDMur,-1,-1,LEV_new,G16USSDMur,-1,-1,HER_new,G16USSDMur,-1,-1,MAD_new,G16USSDMur,-1,-1,WAL_new,G16USSDMur,-1,-1,HOL_new,G16USSDMur,-1,-1;G16USSLSta "G16USSLSta" true true false 10 Long 0 10 ,First,#,fl_2016,G16USSLSta,-1,-1,JEF_new,G16USSLSta,-1,-1,CLM_new,G16USSLSta,-1,-1,CHA_new,G16USSLSta,-1,-1,JAC_new,G16USSLSta,-1,-1,HEN_new,G16USSLSta,-1,-1,LEV_new,G16USSLSta,-1,-1,HER_new,G16USSLSta,-1,-1,MAD_new,G16USSLSta,-1,-1,WAL_new,G16USSLSta,-1,-1,HOL_new,G16USSLSta,-1,-1;G16USSOth "G16USSOth" true true false 10 Long 0 10 ,First,#,fl_2016,G16USSOth,-1,-1,JEF_new,G16USSOth,-1,-1,CLM_new,G16USSOth,-1,-1,CHA_new,G16USSOth,-1,-1,JAC_new,G16USSOth,-1,-1,HEN_new,G16USSOth,-1,-1,LEV_new,G16USSOth,-1,-1,HER_new,G16USSOth,-1,-1,MAD_new,G16USSOth,-1,-1,WAL_new,G16USSOth,-1,-1,HOL_new,G16USSOth,-1,-1"</Process><Process ToolSource="c:\program files (x86)\arcgis\desktop10.7\ArcToolbox\Toolboxes\Data Management Tools.tbx\Merge" Date="20210729" Time="162757">Merge fl_2016;2016_ham_monw_results H:\dropbox\Dropbox\fl_2020\2016\fl_2016_w_replacements.shp "pct "pct" true true false 50 Text 0 0 ,First,#,fl_2016,pct,-1,-1,2016_ham_monw_results,pct,-1,-1;county "county" true true false 50 Text 0 0 ,First,#,fl_2016,county,-1,-1,2016_ham_monw_results,county,-1,-1;countypct "countypct" true true false 15 Text 0 0 ,First,#,fl_2016,countypct,-1,-1,2016_ham_monw_results,countypct,-1,-1;G16PRERTru "G16PRERTru" true true false 10 Long 0 10 ,First,#,fl_2016,G16PRERTru,-1,-1,2016_ham_monw_results,G16PRERTru,-1,-1;G16PREDCli "G16PREDCli" true true false 10 Long 0 10 ,First,#,fl_2016,G16PREDCli,-1,-1,2016_ham_monw_results,G16PREDCli,-1,-1;G16PRELJon "G16PRELJon" true true false 10 Long 0 10 ,First,#,fl_2016,G16PRELJon,-1,-1,2016_ham_monw_results,G16PRELJon,-1,-1;G16PRECCas "G16PRECCas" true true false 10 Long 0 10 ,First,#,fl_2016,G16PRECCas,-1,-1,2016_ham_monw_results,G16PRECCas,-1,-1;G16PREGSte "G16PREGSte" true true false 10 Long 0 10 ,First,#,fl_2016,G16PREGSte,-1,-1,2016_ham_monw_results,G16PREGSte,-1,-1;G16PREIDeL "G16PREIDeL" true true false 10 Long 0 10 ,First,#,fl_2016,G16PREIDeL,-1,-1,2016_ham_monw_results,G16PREIDeL,-1,-1;G16PREoth "G16PREoth" true true false 10 Long 0 10 ,First,#,fl_2016,G16PREoth,-1,-1,2016_ham_monw_results,G16PREoth,-1,-1;G16USSRRub "G16USSRRub" true true false 10 Long 0 10 ,First,#,fl_2016,G16USSRRub,-1,-1,2016_ham_monw_results,G16USSRRub,-1,-1;G16USSDMur "G16USSDMur" true true false 10 Long 0 10 ,First,#,fl_2016,G16USSDMur,-1,-1,2016_ham_monw_results,G16USSDMur,-1,-1;G16USSLSta "G16USSLSta" true true false 10 Long 0 10 ,First,#,fl_2016,G16USSLSta,-1,-1,2016_ham_monw_results,G16USSLSta,-1,-1;G16USSOth "G16USSOth" true true false 10 Long 0 10 ,First,#,fl_2016,G16USSOth,-1,-1,2016_ham_monw_results,G16USSOth,-1,-1"</Process></lineage></DataProperties><SyncDate>20210729</SyncDate><SyncTime>16274400</SyncTime><ModDate>20210729</ModDate><ModTime>16274400</ModTime></Esri><dataIdInfo><envirDesc Sync="TRUE"> Version 6.2 (Build 9200) ; Esri ArcGIS 10.7.1.11595</envirDesc><dataLang><languageCode value="eng" Sync="TRUE"></languageCode><countryCode value="USA" Sync="TRUE"></countryCode></dataLang><idCitation><resTitle Sync="TRUE">fl_2016_w_replacements</resTitle><presForm><PresFormCd value="005" Sync="TRUE"></PresFormCd></presForm></idCitation><spatRpType><SpatRepTypCd value="001" Sync="TRUE"></SpatRepTypCd></spatRpType></dataIdInfo><mdLang><languageCode value="eng" Sync="TRUE"></languageCode><countryCode value="USA" Sync="TRUE"></countryCode></mdLang><mdChar><CharSetCd value="004" Sync="TRUE"></CharSetCd></mdChar><distInfo><distFormat><formatName Sync="TRUE">Shapefile</formatName></distFormat><distTranOps><transSize Sync="TRUE">0.000</transSize></distTranOps></distInfo><mdHrLv><ScopeCd value="005" Sync="TRUE"></ScopeCd></mdHrLv><mdHrLvName Sync="TRUE">dataset</mdHrLvName><refSysInfo><RefSystem><refSysID><identCode code="2236" Sync="TRUE"></identCode><idCodeSpace Sync="TRUE">EPSG</idCodeSpace><idVersion Sync="TRUE">5.3(9.0.0)</idVersion></refSysID></RefSystem></refSysInfo><spatRepInfo><VectSpatRep><geometObjs Name="fl_2016_w_replacements"><geoObjTyp><GeoObjTypCd value="002" Sync="TRUE"></GeoObjTypCd></geoObjTyp><geoObjCnt Sync="TRUE">0</geoObjCnt></geometObjs><topLvl><TopoLevCd value="001" Sync="TRUE"></TopoLevCd></topLvl></VectSpatRep></spatRepInfo><spdoinfo><ptvctinf><esriterm Name="fl_2016_w_replacements"><efeatyp Sync="TRUE">Simple</efeatyp><efeageom code="4" Sync="TRUE"></efeageom><esritopo Sync="TRUE">FALSE</esritopo><efeacnt Sync="TRUE">0</efeacnt><spindex Sync="TRUE">FALSE</spindex><linrefer Sync="TRUE">TRUE</linrefer></esriterm></ptvctinf></spdoinfo><eainfo><detailed Name="fl_2016_w_replacements"><enttyp><enttypl Sync="TRUE">fl_2016_w_replacements</enttypl><enttypt Sync="TRUE">Feature Class</enttypt><enttypc Sync="TRUE">0</enttypc></enttyp><attr><attrlabl Sync="TRUE">FID</attrlabl><attalias Sync="TRUE">FID</attalias><attrtype Sync="TRUE">OID</attrtype><attwidth Sync="TRUE">4</attwidth><atprecis Sync="TRUE">0</atprecis><attscale Sync="TRUE">0</attscale><attrdef Sync="TRUE">Internal feature number.</attrdef><attrdefs Sync="TRUE">Esri</attrdefs><attrdomv><udom Sync="TRUE">Sequential unique whole numbers that are automatically generated.</udom></attrdomv></attr><attr><attrlabl Sync="TRUE">Shape</attrlabl><attalias Sync="TRUE">Shape</attalias><attrtype Sync="TRUE">Geometry</attrtype><attwidth Sync="TRUE">0</attwidth><atprecis Sync="TRUE">0</atprecis><attscale Sync="TRUE">0</attscale><attrdef Sync="TRUE">Feature geometry.</attrdef><attrdefs Sync="TRUE">Esri</attrdefs><attrdomv><udom Sync="TRUE">Coordinates defining the features.</udom></attrdomv></attr><attr><attrlabl Sync="TRUE">pct</attrlabl><attalias Sync="TRUE">pct</attalias><attrtype Sync="TRUE">String</attrtype><attwidth Sync="TRUE">50</attwidth><atprecis Sync="TRUE">0</atprecis><attscale Sync="TRUE">0</attscale></attr><attr><attrlabl Sync="TRUE">county</attrlabl><attalias Sync="TRUE">county</attalias><attrtype Sync="TRUE">String</attrtype><attwidth Sync="TRUE">50</attwidth><atprecis Sync="TRUE">0</atprecis><attscale Sync="TRUE">0</attscale></attr><attr><attrlabl Sync="TRUE">countypct</attrlabl><attalias Sync="TRUE">countypct</attalias><attrtype Sync="TRUE">String</attrtype><attwidth Sync="TRUE">15</attwidth><atprecis Sync="TRUE">0</atprecis><attscale Sync="TRUE">0</attscale></attr><attr><attrlabl Sync="TRUE">G16PRERTru</attrlabl><attalias Sync="TRUE">G16PRERTru</attalias><attrtype Sync="TRUE">Integer</attrtype><attwidth Sync="TRUE">10</attwidth><atprecis Sync="TRUE">10</atprecis><attscale Sync="TRUE">0</attscale></attr><attr><attrlabl Sync="TRUE">G16PREDCli</attrlabl><attalias Sync="TRUE">G16PREDCli</attalias><attrtype Sync="TRUE">Integer</attrtype><attwidth Sync="TRUE">10</attwidth><atprecis Sync="TRUE">10</atprecis><attscale Sync="TRUE">0</attscale></attr><attr><attrlabl Sync="TRUE">G16PRELJon</attrlabl><attalias Sync="TRUE">G16PRELJon</attalias><attrtype Sync="TRUE">Integer</attrtype><attwidth Sync="TRUE">10</attwidth><atprecis Sync="TRUE">10</atprecis><attscale Sync="TRUE">0</attscale></attr><attr><attrlabl Sync="TRUE">G16PRECCas</attrlabl><attalias Sync="TRUE">G16PRECCas</attalias><attrtype Sync="TRUE">Integer</attrtype><attwidth Sync="TRUE">10</attwidth><atprecis Sync="TRUE">10</atprecis><attscale Sync="TRUE">0</attscale></attr><attr><attrlabl Sync="TRUE">G16PREGSte</attrlabl><attalias Sync="TRUE">G16PREGSte</attalias><attrtype Sync="TRUE">Integer</attrtype><attwidth Sync="TRUE">10</attwidth><atprecis Sync="TRUE">10</atprecis><attscale Sync="TRUE">0</attscale></attr><attr><attrlabl Sync="TRUE">G16PREIDeL</attrlabl><attalias Sync="TRUE">G16PREIDeL</attalias><attrtype Sync="TRUE">Integer</attrtype><attwidth Sync="TRUE">10</attwidth><atprecis Sync="TRUE">10</atprecis><attscale Sync="TRUE">0</attscale></attr><attr><attrlabl Sync="TRUE">G16PREoth</attrlabl><attalias Sync="TRUE">G16PREoth</attalias><attrtype Sync="TRUE">Integer</attrtype><attwidth Sync="TRUE">10</attwidth><atprecis Sync="TRUE">10</atprecis><attscale Sync="TRUE">0</attscale></attr><attr><attrlabl Sync="TRUE">G16USSRRub</attrlabl><attalias Sync="TRUE">G16USSRRub</attalias><attrtype Sync="TRUE">Integer</attrtype><attwidth Sync="TRUE">10</attwidth><atprecis Sync="TRUE">10</atprecis><attscale Sync="TRUE">0</attscale></attr><attr><attrlabl Sync="TRUE">G16USSDMur</attrlabl><attalias Sync="TRUE">G16USSDMur</attalias><attrtype Sync="TRUE">Integer</attrtype><attwidth Sync="TRUE">10</attwidth><atprecis Sync="TRUE">10</atprecis><attscale Sync="TRUE">0</attscale></attr><attr><attrlabl Sync="TRUE">G16USSLSta</attrlabl><attalias Sync="TRUE">G16USSLSta</attalias><attrtype Sync="TRUE">Integer</attrtype><attwidth Sync="TRUE">10</attwidth><atprecis Sync="TRUE">10</atprecis><attscale Sync="TRUE">0</attscale></attr><attr><attrlabl Sync="TRUE">G16USSOth</attrlabl><attalias Sync="TRUE">G16USSOth</attalias><attrtype Sync="TRUE">Integer</attrtype><attwidth Sync="TRUE">10</attwidth><atprecis Sync="TRUE">10</atprecis><attscale Sync="TRUE">0</attscale></attr></detailed></eainfo><mdDateSt Sync="TRUE">20210729</mdDateSt></metadata>
