<?xml version="1.0" encoding="UTF-8"?>
<metadata xml:lang="en"><Esri><CreaDate>20210115</CreaDate><CreaTime>12545400</CreaTime><ArcGISFormat>1.0</ArcGISFormat><SyncOnce>TRUE</SyncOnce><DataProperties><lineage><Process ToolSource="c:\program files (x86)\arcgis\desktop10.5\ArcToolbox\Toolboxes\Data Management Tools.tbx\DeleteField" Date="20190928" Time="205400">DeleteField ks_2016 VTDST;merge;G18ATGDSWA;G18ATGRSCH;G18GOVIKLO;G18GOVIORM;G18GOVDKEL;G18GOVLCAL;G18GOVRKOB;G18INSDMCL;G18INSRSCH;G18SOSDMCC;G18SOSLHOD;G18SOSRSCH;G18TREDFRA;G18TRERLAT;merge_1</Process></lineage></DataProperties></Esri></metadata>
