<?xml version="1.0" encoding="UTF-8"?>
<metadata xml:lang="en"><Esri><CreaDate>20210721</CreaDate><CreaTime>14410000</CreaTime><ArcGISFormat>1.0</ArcGISFormat><SyncOnce>FALSE</SyncOnce><DataProperties><itemProps><itemName Sync="TRUE">ne_2018</itemName><imsContentType Sync="TRUE">002</imsContentType><itemSize Sync="TRUE">0.000</itemSize><itemLocation><linkage Sync="TRUE">file://\\BRIAN-PC\H$\dropbox\Dropbox\final_2018_statewides\NE\ne_2018.shp</linkage><protocol Sync="TRUE">Local Area Network</protocol></itemLocation></itemProps><coordRef><type Sync="TRUE">Geographic</type><geogcsn Sync="TRUE">GCS_North_American_1983</geogcsn><csUnits Sync="TRUE">Angular Unit: Degree (0.017453)</csUnits><peXml Sync="TRUE">&lt;GeographicCoordinateSystem xsi:type='typens:GeographicCoordinateSystem' xmlns:xsi='http://www.w3.org/2001/XMLSchema-instance' xmlns:xs='http://www.w3.org/2001/XMLSchema' xmlns:typens='http://www.esri.com/schemas/ArcGIS/10.7'&gt;&lt;WKT&gt;GEOGCS[&amp;quot;GCS_North_American_1983&amp;quot;,DATUM[&amp;quot;D_North_American_1983&amp;quot;,SPHEROID[&amp;quot;GRS_1980&amp;quot;,6378137.0,298.257222101]],PRIMEM[&amp;quot;Greenwich&amp;quot;,0.0],UNIT[&amp;quot;Degree&amp;quot;,0.0174532925199433],AUTHORITY[&amp;quot;EPSG&amp;quot;,4269]]&lt;/WKT&gt;&lt;XOrigin&gt;-400&lt;/XOrigin&gt;&lt;YOrigin&gt;-400&lt;/YOrigin&gt;&lt;XYScale&gt;11258999068426.238&lt;/XYScale&gt;&lt;ZOrigin&gt;-100000&lt;/ZOrigin&gt;&lt;ZScale&gt;10000&lt;/ZScale&gt;&lt;MOrigin&gt;-100000&lt;/MOrigin&gt;&lt;MScale&gt;10000&lt;/MScale&gt;&lt;XYTolerance&gt;8.9831528411952133e-09&lt;/XYTolerance&gt;&lt;ZTolerance&gt;0.001&lt;/ZTolerance&gt;&lt;MTolerance&gt;0.001&lt;/MTolerance&gt;&lt;HighPrecision&gt;true&lt;/HighPrecision&gt;&lt;LeftLongitude&gt;-180&lt;/LeftLongitude&gt;&lt;WKID&gt;4269&lt;/WKID&gt;&lt;LatestWKID&gt;4269&lt;/LatestWKID&gt;&lt;/GeographicCoordinateSystem&gt;</peXml></coordRef><lineage><Process ToolSource="c:\program files (x86)\arcgis\desktop10.7\ArcToolbox\Toolboxes\Data Management Tools.tbx\Merge" Date="20210721" Time="144104">Merge ne_2018;lancaster_18_fix H:\dropbox\Dropbox\final_2018_statewides\NE\ne_2018.shp "COUNTYFP "COUNTYFP" true true false 3 Text 0 0 ,First,#,ne_2018,COUNTYFP,-1,-1,lancaster_18_fix,lancaster_18_fix.COUNTYFP20,-1,-1;NAMELSAD "NAMELSAD" true true false 120 Text 0 0 ,First,#,ne_2018,NAMELSAD,-1,-1,lancaster_18_fix,lancaster_18_fix.NAME20,-1,-1;G18USSRFIS "G18USSRFIS" true true false 10 Long 0 10 ,First,#,ne_2018,G18USSRFIS,-1,-1,lancaster_18_fix,lancaster_merge_fix_18.csv.G18USSRFIS,-1,-1;G18USSDRAY "G18USSDRAY" true true false 10 Long 0 10 ,First,#,ne_2018,G18USSDRAY,-1,-1,lancaster_18_fix,lancaster_merge_fix_18.csv.G18USSDRAY,-1,-1;G18USSLSCH "G18USSLSCH" true true false 10 Long 0 10 ,First,#,ne_2018,G18USSLSCH,-1,-1,lancaster_18_fix,lancaster_merge_fix_18.csv.G18USSLSCH,-1,-1;G18GOVRRIC "G18GOVRRIC" true true false 10 Long 0 10 ,First,#,ne_2018,G18GOVRRIC,-1,-1,lancaster_18_fix,lancaster_merge_fix_18.csv.G18GOVRRIC,-1,-1;G18GOVDKRI "G18GOVDKRI" true true false 10 Long 0 10 ,First,#,ne_2018,G18GOVDKRI,-1,-1,lancaster_18_fix,lancaster_merge_fix_18.csv.G18GOVDKRI,-1,-1;G18SOSREVN "G18SOSREVN" true true false 10 Long 0 10 ,First,#,ne_2018,G18SOSREVN,-1,-1,lancaster_18_fix,lancaster_merge_fix_18.csv.G18SOSREVN,-1,-1;G18SOSDDAN "G18SOSDDAN" true true false 10 Long 0 10 ,First,#,ne_2018,G18SOSDDAN,-1,-1,lancaster_18_fix,lancaster_merge_fix_18.csv.G18SOSDDAN,-1,-1;G18TRERMUR "G18TRERMUR" true true false 10 Long 0 10 ,First,#,ne_2018,G18TRERMUR,-1,-1,lancaster_18_fix,lancaster_merge_fix_18.csv.G18TRERMUR,-1,-1;G18ATGRPET "G18ATGRPET" true true false 10 Long 0 10 ,First,#,ne_2018,G18ATGRPET,-1,-1,lancaster_18_fix,lancaster_merge_fix_18.csv.G18ATGRPET,-1,-1;G18AUDRJAN "G18AUDRJAN" true true false 10 Long 0 10 ,First,#,ne_2018,G18AUDRJAN,-1,-1,lancaster_18_fix,lancaster_merge_fix_18.csv.G18AUDRJAN,-1,-1;G18AUDDSKI "G18AUDDSKI" true true false 10 Long 0 10 ,First,#,ne_2018,G18AUDDSKI,-1,-1,lancaster_18_fix,lancaster_merge_fix_18.csv.G18AUDDSKI,-1,-1"</Process></lineage></DataProperties><SyncDate>20210721</SyncDate><SyncTime>14410000</SyncTime><ModDate>20210721</ModDate><ModTime>14410000</ModTime></Esri><dataIdInfo><envirDesc Sync="TRUE"> Version 6.2 (Build 9200) ; Esri ArcGIS 10.7.1.11595</envirDesc><dataLang><languageCode value="eng" Sync="TRUE"></languageCode><countryCode value="USA" Sync="TRUE"></countryCode></dataLang><idCitation><resTitle Sync="TRUE">ne_2018</resTitle><presForm><PresFormCd value="005" Sync="TRUE"></PresFormCd></presForm></idCitation><spatRpType><SpatRepTypCd value="001" Sync="TRUE"></SpatRepTypCd></spatRpType></dataIdInfo><mdLang><languageCode value="eng" Sync="TRUE"></languageCode><countryCode value="USA" Sync="TRUE"></countryCode></mdLang><mdChar><CharSetCd value="004" Sync="TRUE"></CharSetCd></mdChar><distInfo><distFormat><formatName Sync="TRUE">Shapefile</formatName></distFormat><distTranOps><transSize Sync="TRUE">0.000</transSize></distTranOps></distInfo><mdHrLv><ScopeCd value="005" Sync="TRUE"></ScopeCd></mdHrLv><mdHrLvName Sync="TRUE">dataset</mdHrLvName><refSysInfo><RefSystem><refSysID><identCode code="4269" Sync="TRUE"></identCode><idCodeSpace Sync="TRUE">EPSG</idCodeSpace><idVersion Sync="TRUE">6.12(3.0.1)</idVersion></refSysID></RefSystem></refSysInfo><spatRepInfo><VectSpatRep><geometObjs Name="ne_2018"><geoObjTyp><GeoObjTypCd value="002" Sync="TRUE"></GeoObjTypCd></geoObjTyp><geoObjCnt Sync="TRUE">0</geoObjCnt></geometObjs><topLvl><TopoLevCd value="001" Sync="TRUE"></TopoLevCd></topLvl></VectSpatRep></spatRepInfo><spdoinfo><ptvctinf><esriterm Name="ne_2018"><efeatyp Sync="TRUE">Simple</efeatyp><efeageom code="4" Sync="TRUE"></efeageom><esritopo Sync="TRUE">FALSE</esritopo><efeacnt Sync="TRUE">0</efeacnt><spindex Sync="TRUE">FALSE</spindex><linrefer Sync="TRUE">TRUE</linrefer></esriterm></ptvctinf></spdoinfo><eainfo><detailed Name="ne_2018"><enttyp><enttypl Sync="TRUE">ne_2018</enttypl><enttypt Sync="TRUE">Feature Class</enttypt><enttypc Sync="TRUE">0</enttypc></enttyp><attr><attrlabl Sync="TRUE">FID</attrlabl><attalias Sync="TRUE">FID</attalias><attrtype Sync="TRUE">OID</attrtype><attwidth Sync="TRUE">4</attwidth><atprecis Sync="TRUE">0</atprecis><attscale Sync="TRUE">0</attscale><attrdef Sync="TRUE">Internal feature number.</attrdef><attrdefs Sync="TRUE">Esri</attrdefs><attrdomv><udom Sync="TRUE">Sequential unique whole numbers that are automatically generated.</udom></attrdomv></attr><attr><attrlabl Sync="TRUE">Shape</attrlabl><attalias Sync="TRUE">Shape</attalias><attrtype Sync="TRUE">Geometry</attrtype><attwidth Sync="TRUE">0</attwidth><atprecis Sync="TRUE">0</atprecis><attscale Sync="TRUE">0</attscale><attrdef Sync="TRUE">Feature geometry.</attrdef><attrdefs Sync="TRUE">Esri</attrdefs><attrdomv><udom Sync="TRUE">Coordinates defining the features.</udom></attrdomv></attr><attr><attrlabl Sync="TRUE">COUNTYFP</attrlabl><attalias Sync="TRUE">COUNTYFP</attalias><attrtype Sync="TRUE">String</attrtype><attwidth Sync="TRUE">3</attwidth><atprecis Sync="TRUE">0</atprecis><attscale Sync="TRUE">0</attscale></attr><attr><attrlabl Sync="TRUE">NAMELSAD</attrlabl><attalias Sync="TRUE">NAMELSAD</attalias><attrtype Sync="TRUE">String</attrtype><attwidth Sync="TRUE">120</attwidth><atprecis Sync="TRUE">0</atprecis><attscale Sync="TRUE">0</attscale></attr><attr><attrlabl Sync="TRUE">G18USSRFIS</attrlabl><attalias Sync="TRUE">G18USSRFIS</attalias><attrtype Sync="TRUE">Integer</attrtype><attwidth Sync="TRUE">10</attwidth><atprecis Sync="TRUE">10</atprecis><attscale Sync="TRUE">0</attscale></attr><attr><attrlabl Sync="TRUE">G18USSDRAY</attrlabl><attalias Sync="TRUE">G18USSDRAY</attalias><attrtype Sync="TRUE">Integer</attrtype><attwidth Sync="TRUE">10</attwidth><atprecis Sync="TRUE">10</atprecis><attscale Sync="TRUE">0</attscale></attr><attr><attrlabl Sync="TRUE">G18USSLSCH</attrlabl><attalias Sync="TRUE">G18USSLSCH</attalias><attrtype Sync="TRUE">Integer</attrtype><attwidth Sync="TRUE">10</attwidth><atprecis Sync="TRUE">10</atprecis><attscale Sync="TRUE">0</attscale></attr><attr><attrlabl Sync="TRUE">G18GOVRRIC</attrlabl><attalias Sync="TRUE">G18GOVRRIC</attalias><attrtype Sync="TRUE">Integer</attrtype><attwidth Sync="TRUE">10</attwidth><atprecis Sync="TRUE">10</atprecis><attscale Sync="TRUE">0</attscale></attr><attr><attrlabl Sync="TRUE">G18GOVDKRI</attrlabl><attalias Sync="TRUE">G18GOVDKRI</attalias><attrtype Sync="TRUE">Integer</attrtype><attwidth Sync="TRUE">10</attwidth><atprecis Sync="TRUE">10</atprecis><attscale Sync="TRUE">0</attscale></attr><attr><attrlabl Sync="TRUE">G18SOSREVN</attrlabl><attalias Sync="TRUE">G18SOSREVN</attalias><attrtype Sync="TRUE">Integer</attrtype><attwidth Sync="TRUE">10</attwidth><atprecis Sync="TRUE">10</atprecis><attscale Sync="TRUE">0</attscale></attr><attr><attrlabl Sync="TRUE">G18SOSDDAN</attrlabl><attalias Sync="TRUE">G18SOSDDAN</attalias><attrtype Sync="TRUE">Integer</attrtype><attwidth Sync="TRUE">10</attwidth><atprecis Sync="TRUE">10</atprecis><attscale Sync="TRUE">0</attscale></attr><attr><attrlabl Sync="TRUE">G18TRERMUR</attrlabl><attalias Sync="TRUE">G18TRERMUR</attalias><attrtype Sync="TRUE">Integer</attrtype><attwidth Sync="TRUE">10</attwidth><atprecis Sync="TRUE">10</atprecis><attscale Sync="TRUE">0</attscale></attr><attr><attrlabl Sync="TRUE">G18ATGRPET</attrlabl><attalias Sync="TRUE">G18ATGRPET</attalias><attrtype Sync="TRUE">Integer</attrtype><attwidth Sync="TRUE">10</attwidth><atprecis Sync="TRUE">10</atprecis><attscale Sync="TRUE">0</attscale></attr><attr><attrlabl Sync="TRUE">G18AUDRJAN</attrlabl><attalias Sync="TRUE">G18AUDRJAN</attalias><attrtype Sync="TRUE">Integer</attrtype><attwidth Sync="TRUE">10</attwidth><atprecis Sync="TRUE">10</atprecis><attscale Sync="TRUE">0</attscale></attr><attr><attrlabl Sync="TRUE">G18AUDDSKI</attrlabl><attalias Sync="TRUE">G18AUDDSKI</attalias><attrtype Sync="TRUE">Integer</attrtype><attwidth Sync="TRUE">10</attwidth><atprecis Sync="TRUE">10</atprecis><attscale Sync="TRUE">0</attscale></attr></detailed></eainfo><mdDateSt Sync="TRUE">20210721</mdDateSt></metadata>
