<?xml version="1.0" encoding="UTF-8"?>
<metadata xml:lang="en"><Esri><CreaDate>20190821</CreaDate><CreaTime>22261200</CreaTime><ArcGISFormat>1.0</ArcGISFormat><SyncOnce>TRUE</SyncOnce><DataProperties><lineage><Process ToolSource="c:\program files (x86)\arcgis\desktop10.5\ArcToolbox\Toolboxes\Data Management Tools.tbx\CalculateField" Date="20190821" Time="222527">CalculateField vermont G16HALOWEL [G16USHOWEL] VB #</Process><Process ToolSource="c:\program files (x86)\arcgis\desktop10.5\ArcToolbox\Toolboxes\Data Management Tools.tbx\CalculateField" Date="20190821" Time="222535">CalculateField vermont G16HALOCLA [G16USHOCLA] VB #</Process><Process ToolSource="c:\program files (x86)\arcgis\desktop10.5\ArcToolbox\Toolboxes\Data Management Tools.tbx\CalculateField" Date="20190821" Time="222543">CalculateField vermont G16HALOWRI [G16USHOWRI] VB #</Process><Process ToolSource="c:\program files (x86)\arcgis\desktop10.5\ArcToolbox\Toolboxes\Data Management Tools.tbx\DeleteField" Date="20190821" Time="223115">DeleteField vt_2016 FID_TL_201;STATEFP;COUSUBFP;COUSUBNS;GEOID;NAME;LSAD;CLASSFP;MTFCC;CNECTAFP;NECTAFP;NCTADVFP;FUNCSTAT;ALAND;AWATER;INTPTLAT;INTPTLON;FID_TL_202;STATEFP_1;SLDLST;GEOID_1;LSAD_1;LSY;MTFCC_1;FUNCSTAT_1;ALAND_1;AWATER_1;INTPTLAT_1;INTPTLON_1</Process><Process ToolSource="c:\program files (x86)\arcgis\desktop10.5\ArcToolbox\Toolboxes\Data Management Tools.tbx\DeleteField" Date="20190821" Time="223220">DeleteField vt_2016 G16USHOWEL;G16USHOCLA;G16USHOWRI</Process></lineage></DataProperties></Esri></metadata>
